[0DDC:1EB4][2026-05-11T01:27:01]i001: Burn x86 v5.0.1+2f00cbe680fb01ab485d56f16de9cd19b133f875, Windows v10.0 x64 (Build 26100: Service Pack 0), path: D:\a\_temp\jaws-evidence\J2026.2603.86.400-any.exe
[0DDC:1EB4][2026-05-11T01:27:01]i000: Initializing formatted variable 'InstallationInformationPath' to value '[ProgramFiles6432Folder]\Freedom Scientific Installation Information\356DE2A8-01EB-464e-9C33-0EEA3F923000-2026'
[0DDC:1EB4][2026-05-11T01:27:01]i000: Initializing formatted variable 'AutoLauncherRootPath' to value '[ProgramFiles6432Folder]\Freedom Scientific\JAWS\2026'
[0DDC:1EB4][2026-05-11T01:27:01]i000: Initializing numeric variable 'EnableSetupLanguageSelection' to value '1'
[0DDC:1EB4][2026-05-11T01:27:01]i000: Initializing formatted variable 'SupportedSetupLanguages' to value 'arb,dan,deu,enu,esn,fin,fra,frc,heb,hun,ita,kkz,nlb,nld,nor,ptb,rus,sky,sve,trk,ukr'
[0DDC:1EB4][2026-05-11T01:27:01]i000: Initializing formatted variable 'DefinedSetupLanguages' to value ''
[0DDC:1EB4][2026-05-11T01:27:01]i000: Initializing formatted variable 'DefinedSetupUILanguage' to value ''
[0DDC:1EB4][2026-05-11T01:27:01]i000: Initializing formatted variable 'DefinedSetupPrimaryLanguage' to value ''
[0DDC:1EB4][2026-05-11T01:27:01]i000: Initializing numeric variable 'RemoveUserSettings' to value '0'
[0DDC:1EB4][2026-05-11T01:27:01]i000: Initializing formatted variable 'InstallRequestedComponents' to value ''
[0DDC:1EB4][2026-05-11T01:27:01]i000: Initializing formatted variable 'OriginalSourceFolderNoTrailingBackslash' to value ''
[0DDC:1EB4][2026-05-11T01:27:01]i000: Initializing formatted variable 'AdditionalSettingsFile' to value ''
[0DDC:1EB4][2026-05-11T01:27:01]i000: Initializing formatted variable 'DetectedSystemPlatform' to value ''
[0DDC:1EB4][2026-05-11T01:27:01]i000: Initializing numeric variable 'DetectedIsWin11OrGreater' to value '0'
[0DDC:1EB4][2026-05-11T01:27:01]i000: Initializing numeric variable 'vcredist2022_x86_PrefixResult' to value '0'
[0DDC:1EB4][2026-05-11T01:27:01]i000: Initializing numeric variable 'vcredist2022_x64_PrefixResult' to value '0'
[0DDC:1EB4][2026-05-11T01:27:01]i000: Initializing numeric variable 'vcredist2022_ARM64_PrefixResult' to value '0'
[0DDC:1EB4][2026-05-11T01:27:01]i000: Initializing version variable 'vcredist2022_x86_Version' to value '14.50.35719.0'
[0DDC:1EB4][2026-05-11T01:27:01]i000: Initializing version variable 'vcredist2022_x64_Version' to value '14.50.35719.0'
[0DDC:1EB4][2026-05-11T01:27:01]i000: Initializing version variable 'vcredist2022_ARM64_Version' to value '14.50.35719.0'
[0DDC:1EB4][2026-05-11T01:27:01]i000: Initializing version variable 'DotNet8Version' to value '8.0.24.0'
[0DDC:1EB4][2026-05-11T01:27:01]i000: Initializing version variable 'WebView2Version' to value '145.0.3800.82'
[0DDC:1EB4][2026-05-11T01:27:01]i000: Initializing numeric variable 'MinimumBuildVer' to value '15063'
[0DDC:1EB4][2026-05-11T01:27:01]i000: Initializing formatted variable 'FSReader64_Exclusive_SetupLanguages' to value '*,dan|*,deu|enu|*,esn|*,fin|*,fra|*,frc|*,hun|*,nlb|*,nld|*,nor|*,rus|*,sve'
[0DDC:1EB4][2026-05-11T01:27:01]i000: Initializing formatted variable 'FSReaderARM64_Exclusive_SetupLanguages' to value '*,dan|*,deu|enu|*,esn|*,fin|*,fra|*,frc|*,hun|*,nlb|*,nld|*,nor|*,rus|*,sve'
[0DDC:1EB4][2026-05-11T01:27:01]i000: Initializing formatted variable 'TableOfContents64_Exclusive_SetupLanguages' to value 'enu'
[0DDC:1EB4][2026-05-11T01:27:01]i000: Initializing numeric variable 'UninstallRDPPropertyVariable' to value '0'
[0DDC:1EB4][2026-05-11T01:27:01]i000: Initializing formatted variable 'JAWS64PackageId' to value 'JAWS64'
[0DDC:1EB4][2026-05-11T01:27:01]i000: Initializing formatted variable 'JAWSARM64PackageId' to value 'JAWSARM64'
[0DDC:1EB4][2026-05-11T01:27:01]i000: Initializing formatted variable 'JAWSVersion' to value '2026'
[0DDC:1EB4][2026-05-11T01:27:01]i000: Initializing formatted variable 'JAWS64_REMOTE_ONLY' to value '0'
[0DDC:1EB4][2026-05-11T01:27:01]i000: Initializing formatted variable 'JAWS64_INSTALL_SAFE' to value '0'
[0DDC:1EB4][2026-05-11T01:27:01]i000: Initializing formatted variable 'JAWS64_OVERWRITEFILES' to value '0'
[0DDC:1EB4][2026-05-11T01:27:01]i000: Initializing formatted variable 'JAWS64_ENABLE_UNTRUSTED_FONTS_EXCEPTION' to value '0'
[0DDC:1EB4][2026-05-11T01:27:01]i000: Initializing formatted variable 'JAWS64_SETUP_LANGUAGES' to value ''
[0DDC:1EB4][2026-05-11T01:27:01]i000: Initializing formatted variable 'JAWS64_TANDEM' to value '1'
[0DDC:1EB4][2026-05-11T01:27:01]i000: Initializing formatted variable 'JAWS64_INSTALLERUI_LANGUAGE' to value ''
[0DDC:1EB4][2026-05-11T01:27:01]i000: Initializing formatted variable 'JAWS64_KIOSK' to value '0'
[0DDC:1EB4][2026-05-11T01:27:01]i000: Initializing formatted variable 'JAWS64_KIOSK_WITH_ACCENTSA' to value '0'
[0DDC:1EB4][2026-05-11T01:27:01]i000: Initializing formatted variable 'JAWS64_KIOSK_WITH_APOLLO2' to value '0'
[0DDC:1EB4][2026-05-11T01:27:01]i000: Initializing formatted variable 'JAWS64_KIOSK_WITH_AUTOUPDATE' to value '0'
[0DDC:1EB4][2026-05-11T01:27:01]i000: Initializing formatted variable 'JAWS64_KIOSK_WITH_BNS' to value '0'
[0DDC:1EB4][2026-05-11T01:27:01]i000: Initializing formatted variable 'JAWS64_KIOSK_WITH_BRAILLE' to value '0'
[0DDC:1EB4][2026-05-11T01:27:01]i000: Initializing formatted variable 'JAWS64_KIOSK_WITH_BRAILLE_ALVA' to value '0'
[0DDC:1EB4][2026-05-11T01:27:01]i000: Initializing formatted variable 'JAWS64_KIOSK_WITH_BRAILLE_APH' to value '0'
[0DDC:1EB4][2026-05-11T01:27:01]i000: Initializing formatted variable 'JAWS64_KIOSK_WITH_BRAILLE_BAUM' to value '0'
[0DDC:1EB4][2026-05-11T01:27:01]i000: Initializing formatted variable 'JAWS64_KIOSK_WITH_BRAILLE_BDAS' to value '0'
[0DDC:1EB4][2026-05-11T01:27:01]i000: Initializing formatted variable 'JAWS64_KIOSK_WITH_BRAILLE_BLITE' to value '0'
[0DDC:1EB4][2026-05-11T01:27:01]i000: Initializing formatted variable 'JAWS64_KIOSK_WITH_BRAILLE_BRAILIANT' to value '0'
[0DDC:1EB4][2026-05-11T01:27:01]i000: Initializing formatted variable 'JAWS64_KIOSK_WITH_BRAILLE_BRAILLELITE' to value '0'
[0DDC:1EB4][2026-05-11T01:27:01]i000: Initializing formatted variable 'JAWS64_KIOSK_WITH_BRAILLE_BRAILLENOTEAPEX' to value '0'
[0DDC:1EB4][2026-05-11T01:27:01]i000: Initializing formatted variable 'JAWS64_KIOSK_WITH_BRAILLE_BRLEDGE' to value '0'
[0DDC:1EB4][2026-05-11T01:27:01]i000: Initializing formatted variable 'JAWS64_KIOSK_WITH_BRAILLE_BRLNOTE' to value '0'
[0DDC:1EB4][2026-05-11T01:27:01]i000: Initializing formatted variable 'JAWS64_KIOSK_WITH_BRAILLE_BRLSENSE' to value '0'
[0DDC:1EB4][2026-05-11T01:27:01]i000: Initializing formatted variable 'JAWS64_KIOSK_WITH_BRAILLE_DOTPADDRIVER' to value '0'
[0DDC:1EB4][2026-05-11T01:27:01]i000: Initializing formatted variable 'JAWS64_KIOSK_WITH_BRAILLE_BRLWIN' to value '0'
[0DDC:1EB4][2026-05-11T01:27:01]i000: Initializing formatted variable 'JAWS64_KIOSK_WITH_BRAILLE_BRX' to value '0'
[0DDC:1EB4][2026-05-11T01:27:01]i000: Initializing formatted variable 'JAWS64_KIOSK_WITH_BRAILLE_ECOJAWS' to value '0'
[0DDC:1EB4][2026-05-11T01:27:01]i000: Initializing formatted variable 'JAWS64_KIOSK_WITH_BRAILLE_ELBRAILLE' to value '0'
[0DDC:1EB4][2026-05-11T01:27:01]i000: Initializing formatted variable 'JAWS64_KIOSK_WITH_BRAILLE_EUROBRAILLE' to value '0'
[0DDC:1EB4][2026-05-11T01:27:01]i000: Initializing formatted variable 'JAWS64_KIOSK_WITH_BRAILLE_FRANKAUDIODATA' to value '0'
[0DDC:1EB4][2026-05-11T01:27:01]i000: Initializing formatted variable 'JAWS64_KIOSK_WITH_BRAILLE_FSBRL' to value '0'
[0DDC:1EB4][2026-05-11T01:27:01]i000: Initializing formatted variable 'JAWS64_KIOSK_WITH_BRAILLE_FSI' to value '0'
[0DDC:1EB4][2026-05-11T01:27:01]i000: Initializing formatted variable 'JAWS64_KIOSK_WITH_BRAILLE_HANDY' to value '0'
[0DDC:1EB4][2026-05-11T01:27:01]i000: Initializing formatted variable 'JAWS64_KIOSK_WITH_BRAILLE_ORBIT_READER_20' to value '0'
[0DDC:1EB4][2026-05-11T01:27:01]i000: Initializing formatted variable 'JAWS64_KIOSK_WITH_BRAILLE_POWERBRAILLE' to value '0'
[0DDC:1EB4][2026-05-11T01:27:01]i000: Initializing formatted variable 'JAWS64_KIOSK_WITH_BRAILLE_RBT' to value '0'
[0DDC:1EB4][2026-05-11T01:27:01]i000: Initializing formatted variable 'JAWS64_KIOSK_WITH_BRAILLE_NLSEREADER' to value '0'
[0DDC:1EB4][2026-05-11T01:27:01]i000: Initializing formatted variable 'JAWS64_KIOSK_WITH_BRAILLE_THIRDPARTYBRAILLE' to value '0'
[0DDC:1EB4][2026-05-11T01:27:01]i000: Initializing formatted variable 'JAWS64_KIOSK_WITH_BRAILLE_FSHIDBRAILLE' to value '0'
[0DDC:1EB4][2026-05-11T01:27:01]i000: Initializing formatted variable 'JAWS64_KIOSK_WITH_DECTALKACCESS32' to value '0'
[0DDC:1EB4][2026-05-11T01:27:01]i000: Initializing formatted variable 'JAWS64_KIOSK_WITH_DECTALKEXPRESS' to value '0'
[0DDC:1EB4][2026-05-11T01:27:01]i000: Initializing formatted variable 'JAWS64_KIOSK_WITH_DECTALKUSB' to value '0'
[0DDC:1EB4][2026-05-11T01:27:01]i000: Initializing formatted variable 'JAWS64_KIOSK_WITH_DONGLE' to value '0'
[0DDC:1EB4][2026-05-11T01:27:01]i000: Initializing formatted variable 'JAWS64_KIOSK_WITH_DOUBLETALKLT' to value '0'
[0DDC:1EB4][2026-05-11T01:27:01]i000: Initializing formatted variable 'JAWS64_KIOSK_WITH_FLEXTALK' to value '0'
[0DDC:1EB4][2026-05-11T01:27:01]i000: Initializing formatted variable 'JAWS64_KIOSK_WITH_ILM' to value '0'
[0DDC:1EB4][2026-05-11T01:27:01]i000: Initializing formatted variable 'JAWS64_KIOSK_WITH_JAVA' to value '0'
[0DDC:1EB4][2026-05-11T01:27:01]i000: Initializing formatted variable 'JAWS64_KIOSK_WITH_KEYNOTEGOLDSA' to value '0'
[0DDC:1EB4][2026-05-11T01:27:01]i000: Initializing formatted variable 'JAWS64_KIOSK_WITH_MS_MOBILE' to value '0'
[0DDC:1EB4][2026-05-11T01:27:01]i000: Initializing formatted variable 'JAWS64_KIOSK_WITH_NOSPEECH' to value '0'
[0DDC:1EB4][2026-05-11T01:27:01]i000: Initializing formatted variable 'JAWS64_KIOSK_WITH_OCR' to value '0'
[0DDC:1EB4][2026-05-11T01:27:01]i000: Initializing formatted variable 'JAWS64_KIOSK_WITH_REALSPEAK' to value '0'
[0DDC:1EB4][2026-05-11T01:27:01]i000: Initializing formatted variable 'JAWS64_KIOSK_WITH_REMOTE_ACCESS_SUPPORT' to value '0'
[0DDC:1EB4][2026-05-11T01:27:01]i000: Initializing formatted variable 'JAWS64_KIOSK_WITH_SAPI4' to value '0'
[0DDC:1EB4][2026-05-11T01:27:01]i000: Initializing formatted variable 'JAWS64_KIOSK_WITH_SAPI5' to value '0'
[0DDC:1EB4][2026-05-11T01:27:01]i000: Initializing formatted variable 'JAWS64_KIOSK_WITH_TRIPLETALKPCI' to value '0'
[0DDC:1EB4][2026-05-11T01:27:01]i000: Initializing formatted variable 'JAWS64_KIOSK_WITH_TRIPLETALKUSB' to value '0'
[0DDC:1EB4][2026-05-11T01:27:01]i000: Initializing formatted variable 'JAWS64_KIOSK_WITH_VOCALIZER' to value '0'
[0DDC:1EB4][2026-05-11T01:27:01]i000: Initializing formatted variable 'JAWS64_KIOSK_WITH_VOCALIZEREXPRESSIVE' to value '0'
[0DDC:1EB4][2026-05-11T01:27:01]i000: Initializing formatted variable 'JAWS64_WITH_FS_SYSTEM_EVENTS' to value '0'
[0DDC:1EB4][2026-05-11T01:27:01]i000: Initializing formatted variable 'JAWS64_SQLITE' to value '1'
[0DDC:1EB4][2026-05-11T01:27:01]i000: Initializing formatted variable 'JAWS64_XERCES' to value '1'
[0DDC:1EB4][2026-05-11T01:27:01]i000: Initializing formatted variable 'JAWS64_ENABLE_EXTERNAL_SERVICES' to value '1'
[0DDC:1EB4][2026-05-11T01:27:01]i000: Initializing formatted variable 'JAWS64_ENABLE_EXTERNAL_AI_SERVICES' to value '1'
[0DDC:1EB4][2026-05-11T01:27:01]i000: Initializing formatted variable 'JAWS64_IS_RESTRICTED_SECURITY_ENVIRONMENT' to value '0'
[0DDC:1EB4][2026-05-11T01:27:01]i000: Initializing formatted variable 'JAWS64_SILENT_MIGRATION' to value '1'
[0DDC:1EB4][2026-05-11T01:27:01]i000: Initializing formatted variable 'JAWS64_SEAMLESSUPDATER' to value '1'
[0DDC:1EB4][2026-05-11T01:27:01]i000: Initializing formatted variable 'JAWS64_SEAMLESSCRIPTUPDATES' to value ''
[0DDC:1EB4][2026-05-11T01:27:01]i000: Initializing formatted variable 'JAWS64_FACEINVIEW' to value '1'
[0DDC:1EB4][2026-05-11T01:27:01]i000: Initializing formatted variable 'JAWS64_REMOTECOMMANDSERVER' to value '0'
[0DDC:1EB4][2026-05-11T01:27:01]i000: Initializing formatted variable 'JAWS64_USERACCOUNTS' to value '1'
[0DDC:1EB4][2026-05-11T01:27:01]i000: Initializing formatted variable 'JAWS64_SHOULDSHOWLICENSEEXPIRINGDIALOG' to value '1'
[0DDC:1EB4][2026-05-11T01:27:01]i000: Initializing formatted variable 'JAWS64_REMOTEACCESSFILES' to value '1'
[0DDC:1EB4][2026-05-11T01:27:01]i000: Initializing formatted variable 'JAWSARM64_REMOTE_ONLY' to value '0'
[0DDC:1EB4][2026-05-11T01:27:01]i000: Initializing formatted variable 'JAWSARM64_INSTALL_SAFE' to value '0'
[0DDC:1EB4][2026-05-11T01:27:01]i000: Initializing formatted variable 'JAWSARM64_OVERWRITEFILES' to value '0'
[0DDC:1EB4][2026-05-11T01:27:01]i000: Initializing formatted variable 'JAWSARM64_ENABLE_UNTRUSTED_FONTS_EXCEPTION' to value '0'
[0DDC:1EB4][2026-05-11T01:27:01]i000: Initializing formatted variable 'JAWSARM64_SETUP_LANGUAGES' to value ''
[0DDC:1EB4][2026-05-11T01:27:01]i000: Initializing formatted variable 'JAWSARM64_TANDEM' to value '1'
[0DDC:1EB4][2026-05-11T01:27:01]i000: Initializing formatted variable 'JAWSARM64_INSTALLERUI_LANGUAGE' to value ''
[0DDC:1EB4][2026-05-11T01:27:01]i000: Initializing formatted variable 'JAWSARM64_KIOSK' to value '0'
[0DDC:1EB4][2026-05-11T01:27:01]i000: Initializing formatted variable 'JAWSARM64_KIOSK_WITH_ACCENTSA' to value '0'
[0DDC:1EB4][2026-05-11T01:27:01]i000: Initializing formatted variable 'JAWSARM64_KIOSK_WITH_APOLLO2' to value '0'
[0DDC:1EB4][2026-05-11T01:27:01]i000: Initializing formatted variable 'JAWSARM64_KIOSK_WITH_AUTOUPDATE' to value '0'
[0DDC:1EB4][2026-05-11T01:27:01]i000: Initializing formatted variable 'JAWSARM64_KIOSK_WITH_BNS' to value '0'
[0DDC:1EB4][2026-05-11T01:27:01]i000: Initializing formatted variable 'JAWSARM64_KIOSK_WITH_BRAILLE' to value '0'
[0DDC:1EB4][2026-05-11T01:27:01]i000: Initializing formatted variable 'JAWSARM64_KIOSK_WITH_BRAILLE_ALVA' to value '0'
[0DDC:1EB4][2026-05-11T01:27:01]i000: Initializing formatted variable 'JAWSARM64_KIOSK_WITH_BRAILLE_APH' to value '0'
[0DDC:1EB4][2026-05-11T01:27:01]i000: Initializing formatted variable 'JAWSARM64_KIOSK_WITH_BRAILLE_BAUM' to value '0'
[0DDC:1EB4][2026-05-11T01:27:01]i000: Initializing formatted variable 'JAWSARM64_KIOSK_WITH_BRAILLE_BDAS' to value '0'
[0DDC:1EB4][2026-05-11T01:27:01]i000: Initializing formatted variable 'JAWSARM64_KIOSK_WITH_BRAILLE_BLITE' to value '0'
[0DDC:1EB4][2026-05-11T01:27:01]i000: Initializing formatted variable 'JAWSARM64_KIOSK_WITH_BRAILLE_BRAILIANT' to value '0'
[0DDC:1EB4][2026-05-11T01:27:01]i000: Initializing formatted variable 'JAWSARM64_KIOSK_WITH_BRAILLE_BRAILLELITE' to value '0'
[0DDC:1EB4][2026-05-11T01:27:01]i000: Initializing formatted variable 'JAWSARM64_KIOSK_WITH_BRAILLE_BRAILLENOTEAPEX' to value '0'
[0DDC:1EB4][2026-05-11T01:27:01]i000: Initializing formatted variable 'JAWSARM64_KIOSK_WITH_BRAILLE_BRLEDGE' to value '0'
[0DDC:1EB4][2026-05-11T01:27:01]i000: Initializing formatted variable 'JAWSARM64_KIOSK_WITH_BRAILLE_BRLNOTE' to value '0'
[0DDC:1EB4][2026-05-11T01:27:01]i000: Initializing formatted variable 'JAWSARM64_KIOSK_WITH_BRAILLE_BRLSENSE' to value '0'
[0DDC:1EB4][2026-05-11T01:27:01]i000: Initializing formatted variable 'JAWSARM64_KIOSK_WITH_BRAILLE_DOTPADDRIVER' to value '0'
[0DDC:1EB4][2026-05-11T01:27:01]i000: Initializing formatted variable 'JAWSARM64_KIOSK_WITH_BRAILLE_BRLWIN' to value '0'
[0DDC:1EB4][2026-05-11T01:27:01]i000: Initializing formatted variable 'JAWSARM64_KIOSK_WITH_BRAILLE_BRX' to value '0'
[0DDC:1EB4][2026-05-11T01:27:01]i000: Initializing formatted variable 'JAWSARM64_KIOSK_WITH_BRAILLE_ECOJAWS' to value '0'
[0DDC:1EB4][2026-05-11T01:27:01]i000: Initializing formatted variable 'JAWSARM64_KIOSK_WITH_BRAILLE_ELBRAILLE' to value '0'
[0DDC:1EB4][2026-05-11T01:27:01]i000: Initializing formatted variable 'JAWSARM64_KIOSK_WITH_BRAILLE_EUROBRAILLE' to value '0'
[0DDC:1EB4][2026-05-11T01:27:01]i000: Initializing formatted variable 'JAWSARM64_KIOSK_WITH_BRAILLE_FRANKAUDIODATA' to value '0'
[0DDC:1EB4][2026-05-11T01:27:01]i000: Initializing formatted variable 'JAWSARM64_KIOSK_WITH_BRAILLE_FSBRL' to value '0'
[0DDC:1EB4][2026-05-11T01:27:01]i000: Initializing formatted variable 'JAWSARM64_KIOSK_WITH_BRAILLE_FSI' to value '0'
[0DDC:1EB4][2026-05-11T01:27:01]i000: Initializing formatted variable 'JAWSARM64_KIOSK_WITH_BRAILLE_HANDY' to value '0'
[0DDC:1EB4][2026-05-11T01:27:01]i000: Initializing formatted variable 'JAWSARM64_KIOSK_WITH_BRAILLE_ORBIT_READER_20' to value '0'
[0DDC:1EB4][2026-05-11T01:27:01]i000: Initializing formatted variable 'JAWSARM64_KIOSK_WITH_BRAILLE_POWERBRAILLE' to value '0'
[0DDC:1EB4][2026-05-11T01:27:01]i000: Initializing formatted variable 'JAWSARM64_KIOSK_WITH_BRAILLE_RBT' to value '0'
[0DDC:1EB4][2026-05-11T01:27:01]i000: Initializing formatted variable 'JAWSARM64_KIOSK_WITH_BRAILLE_NLSEREADER' to value '0'
[0DDC:1EB4][2026-05-11T01:27:01]i000: Initializing formatted variable 'JAWSARM64_KIOSK_WITH_BRAILLE_THIRDPARTYBRAILLE' to value '0'
[0DDC:1EB4][2026-05-11T01:27:01]i000: Initializing formatted variable 'JAWSARM64_KIOSK_WITH_BRAILLE_FSHIDBRAILLE' to value '0'
[0DDC:1EB4][2026-05-11T01:27:01]i000: Initializing formatted variable 'JAWSARM64_KIOSK_WITH_DECTALKACCESS32' to value '0'
[0DDC:1EB4][2026-05-11T01:27:01]i000: Initializing formatted variable 'JAWSARM64_KIOSK_WITH_DECTALKEXPRESS' to value '0'
[0DDC:1EB4][2026-05-11T01:27:01]i000: Initializing formatted variable 'JAWSARM64_KIOSK_WITH_DECTALKUSB' to value '0'
[0DDC:1EB4][2026-05-11T01:27:01]i000: Initializing formatted variable 'JAWSARM64_KIOSK_WITH_DONGLE' to value '0'
[0DDC:1EB4][2026-05-11T01:27:01]i000: Initializing formatted variable 'JAWSARM64_KIOSK_WITH_DOUBLETALKLT' to value '0'
[0DDC:1EB4][2026-05-11T01:27:01]i000: Initializing formatted variable 'JAWSARM64_KIOSK_WITH_FLEXTALK' to value '0'
[0DDC:1EB4][2026-05-11T01:27:01]i000: Initializing formatted variable 'JAWSARM64_KIOSK_WITH_ILM' to value '0'
[0DDC:1EB4][2026-05-11T01:27:01]i000: Initializing formatted variable 'JAWSARM64_KIOSK_WITH_JAVA' to value '0'
[0DDC:1EB4][2026-05-11T01:27:01]i000: Initializing formatted variable 'JAWSARM64_KIOSK_WITH_KEYNOTEGOLDSA' to value '0'
[0DDC:1EB4][2026-05-11T01:27:01]i000: Initializing formatted variable 'JAWSARM64_KIOSK_WITH_MS_MOBILE' to value '0'
[0DDC:1EB4][2026-05-11T01:27:01]i000: Initializing formatted variable 'JAWSARM64_KIOSK_WITH_NOSPEECH' to value '0'
[0DDC:1EB4][2026-05-11T01:27:01]i000: Initializing formatted variable 'JAWSARM64_KIOSK_WITH_OCR' to value '0'
[0DDC:1EB4][2026-05-11T01:27:01]i000: Initializing formatted variable 'JAWSARM64_KIOSK_WITH_REALSPEAK' to value '0'
[0DDC:1EB4][2026-05-11T01:27:01]i000: Initializing formatted variable 'JAWSARM64_KIOSK_WITH_REMOTE_ACCESS_SUPPORT' to value '0'
[0DDC:1EB4][2026-05-11T01:27:01]i000: Initializing formatted variable 'JAWSARM64_KIOSK_WITH_SAPI4' to value '0'
[0DDC:1EB4][2026-05-11T01:27:01]i000: Initializing formatted variable 'JAWSARM64_KIOSK_WITH_SAPI5' to value '0'
[0DDC:1EB4][2026-05-11T01:27:01]i000: Initializing formatted variable 'JAWSARM64_KIOSK_WITH_TRIPLETALKPCI' to value '0'
[0DDC:1EB4][2026-05-11T01:27:01]i000: Initializing formatted variable 'JAWSARM64_KIOSK_WITH_TRIPLETALKUSB' to value '0'
[0DDC:1EB4][2026-05-11T01:27:01]i000: Initializing formatted variable 'JAWSARM64_KIOSK_WITH_VOCALIZER' to value '0'
[0DDC:1EB4][2026-05-11T01:27:01]i000: Initializing formatted variable 'JAWSARM64_KIOSK_WITH_VOCALIZEREXPRESSIVE' to value '0'
[0DDC:1EB4][2026-05-11T01:27:01]i000: Initializing formatted variable 'JAWSARM64_WITH_FS_SYSTEM_EVENTS' to value '0'
[0DDC:1EB4][2026-05-11T01:27:01]i000: Initializing formatted variable 'JAWSARM64_SQLITE' to value '1'
[0DDC:1EB4][2026-05-11T01:27:01]i000: Initializing formatted variable 'JAWSARM64_XERCES' to value '1'
[0DDC:1EB4][2026-05-11T01:27:01]i000: Initializing formatted variable 'JAWSARM64_ENABLE_EXTERNAL_SERVICES' to value '1'
[0DDC:1EB4][2026-05-11T01:27:01]i000: Initializing formatted variable 'JAWSARM64_ENABLE_EXTERNAL_AI_SERVICES' to value '1'
[0DDC:1EB4][2026-05-11T01:27:01]i000: Initializing formatted variable 'JAWSARM64_IS_RESTRICTED_SECURITY_ENVIRONMENT' to value '0'
[0DDC:1EB4][2026-05-11T01:27:01]i000: Initializing formatted variable 'JAWSARM64_SILENT_MIGRATION' to value '1'
[0DDC:1EB4][2026-05-11T01:27:01]i000: Initializing formatted variable 'JAWSARM64_SEAMLESSUPDATER' to value '1'
[0DDC:1EB4][2026-05-11T01:27:01]i000: Initializing formatted variable 'JAWSARM64_SEAMLESSCRIPTUPDATES' to value ''
[0DDC:1EB4][2026-05-11T01:27:01]i000: Initializing formatted variable 'JAWSARM64_FACEINVIEW' to value '1'
[0DDC:1EB4][2026-05-11T01:27:01]i000: Initializing formatted variable 'JAWSARM64_USERACCOUNTS' to value '1'
[0DDC:1EB4][2026-05-11T01:27:01]i000: Initializing formatted variable 'JAWSARM64_SHOULDSHOWLICENSEEXPIRINGDIALOG' to value '1'
[0DDC:1EB4][2026-05-11T01:27:01]i000: Initializing formatted variable 'JAWSARM64_REMOTEACCESSFILES' to value '1'
[0DDC:1EB4][2026-05-11T01:27:01]i000: Initializing formatted variable 'JAWSLanguage64enu_PRIMARY_LANGUAGE' to value ''
[0DDC:1EB4][2026-05-11T01:27:01]i000: Initializing formatted variable 'JAWSLanguageARM64enu_PRIMARY_LANGUAGE' to value ''
[0DDC:1EB4][2026-05-11T01:27:01]i000: Initializing formatted variable 'JAWSLanguage64enu_OVERWRITEFILES' to value '0'
[0DDC:1EB4][2026-05-11T01:27:01]i000: Initializing formatted variable 'JAWSLanguage64enu_TANDEM' to value '1'
[0DDC:1EB4][2026-05-11T01:27:01]i000: Initializing formatted variable 'JAWSLanguage64enu_KIOSK' to value '0'
[0DDC:1EB4][2026-05-11T01:27:01]i000: Initializing formatted variable 'JAWSLanguage64enu_KIOSK_WITH_BRAILLE' to value '0'
[0DDC:1EB4][2026-05-11T01:27:01]i000: Initializing formatted variable 'JAWSLanguage64enu_KIOSK_WITH_REMOTE_ACCESS_SUPPORT' to value '0'
[0DDC:1EB4][2026-05-11T01:27:01]i000: Initializing formatted variable 'JAWSLanguageARM64enu_OVERWRITEFILES' to value '0'
[0DDC:1EB4][2026-05-11T01:27:01]i000: Initializing formatted variable 'JAWSLanguageARM64enu_TANDEM' to value '1'
[0DDC:1EB4][2026-05-11T01:27:01]i000: Initializing formatted variable 'JAWSLanguageARM64enu_KIOSK' to value '0'
[0DDC:1EB4][2026-05-11T01:27:01]i000: Initializing formatted variable 'JAWSLanguageARM64enu_KIOSK_WITH_BRAILLE' to value '0'
[0DDC:1EB4][2026-05-11T01:27:01]i000: Initializing formatted variable 'JAWSLanguageARM64enu_KIOSK_WITH_REMOTE_ACCESS_SUPPORT' to value '0'
[0DDC:1EB4][2026-05-11T01:27:01]i000: Initializing formatted variable 'Xerces64_BLOCKCLEANINSTALL' to value '1'
[0DDC:1EB4][2026-05-11T01:27:01]i000: Initializing formatted variable 'JAWSLanguage64arb_PRIMARY_LANGUAGE' to value ''
[0DDC:1EB4][2026-05-11T01:27:01]i000: Initializing formatted variable 'JAWSLanguageARM64arb_PRIMARY_LANGUAGE' to value ''
[0DDC:1EB4][2026-05-11T01:27:01]i000: Initializing formatted variable 'JAWSLanguage64arb_OVERWRITEFILES' to value '0'
[0DDC:1EB4][2026-05-11T01:27:01]i000: Initializing formatted variable 'JAWSLanguage64arb_TANDEM' to value '1'
[0DDC:1EB4][2026-05-11T01:27:01]i000: Initializing formatted variable 'JAWSLanguage64arb_KIOSK' to value '0'
[0DDC:1EB4][2026-05-11T01:27:01]i000: Initializing formatted variable 'JAWSLanguage64arb_KIOSK_WITH_BRAILLE' to value '0'
[0DDC:1EB4][2026-05-11T01:27:01]i000: Initializing formatted variable 'JAWSLanguage64arb_KIOSK_WITH_REMOTE_ACCESS_SUPPORT' to value '0'
[0DDC:1EB4][2026-05-11T01:27:01]i000: Initializing formatted variable 'JAWSLanguageARM64arb_OVERWRITEFILES' to value '0'
[0DDC:1EB4][2026-05-11T01:27:01]i000: Initializing formatted variable 'JAWSLanguageARM64arb_TANDEM' to value '1'
[0DDC:1EB4][2026-05-11T01:27:01]i000: Initializing formatted variable 'JAWSLanguageARM64arb_KIOSK' to value '0'
[0DDC:1EB4][2026-05-11T01:27:01]i000: Initializing formatted variable 'JAWSLanguageARM64arb_KIOSK_WITH_BRAILLE' to value '0'
[0DDC:1EB4][2026-05-11T01:27:01]i000: Initializing formatted variable 'JAWSLanguageARM64arb_KIOSK_WITH_REMOTE_ACCESS_SUPPORT' to value '0'
[0DDC:1EB4][2026-05-11T01:27:01]i000: Initializing formatted variable 'JAWSLanguage64dan_PRIMARY_LANGUAGE' to value ''
[0DDC:1EB4][2026-05-11T01:27:01]i000: Initializing formatted variable 'JAWSLanguageARM64dan_PRIMARY_LANGUAGE' to value ''
[0DDC:1EB4][2026-05-11T01:27:01]i000: Initializing formatted variable 'JAWSLanguage64dan_OVERWRITEFILES' to value '0'
[0DDC:1EB4][2026-05-11T01:27:01]i000: Initializing formatted variable 'JAWSLanguage64dan_TANDEM' to value '1'
[0DDC:1EB4][2026-05-11T01:27:01]i000: Initializing formatted variable 'JAWSLanguage64dan_KIOSK' to value '0'
[0DDC:1EB4][2026-05-11T01:27:01]i000: Initializing formatted variable 'JAWSLanguage64dan_KIOSK_WITH_BRAILLE' to value '0'
[0DDC:1EB4][2026-05-11T01:27:01]i000: Initializing formatted variable 'JAWSLanguage64dan_KIOSK_WITH_REMOTE_ACCESS_SUPPORT' to value '0'
[0DDC:1EB4][2026-05-11T01:27:01]i000: Initializing formatted variable 'JAWSLanguageARM64dan_OVERWRITEFILES' to value '0'
[0DDC:1EB4][2026-05-11T01:27:01]i000: Initializing formatted variable 'JAWSLanguageARM64dan_TANDEM' to value '1'
[0DDC:1EB4][2026-05-11T01:27:01]i000: Initializing formatted variable 'JAWSLanguageARM64dan_KIOSK' to value '0'
[0DDC:1EB4][2026-05-11T01:27:01]i000: Initializing formatted variable 'JAWSLanguageARM64dan_KIOSK_WITH_BRAILLE' to value '0'
[0DDC:1EB4][2026-05-11T01:27:01]i000: Initializing formatted variable 'JAWSLanguageARM64dan_KIOSK_WITH_REMOTE_ACCESS_SUPPORT' to value '0'
[0DDC:1EB4][2026-05-11T01:27:01]i000: Initializing formatted variable 'JAWSLanguage64deu_PRIMARY_LANGUAGE' to value ''
[0DDC:1EB4][2026-05-11T01:27:01]i000: Initializing formatted variable 'JAWSLanguageARM64deu_PRIMARY_LANGUAGE' to value ''
[0DDC:1EB4][2026-05-11T01:27:01]i000: Initializing formatted variable 'JAWSLanguage64deu_OVERWRITEFILES' to value '0'
[0DDC:1EB4][2026-05-11T01:27:01]i000: Initializing formatted variable 'JAWSLanguage64deu_TANDEM' to value '1'
[0DDC:1EB4][2026-05-11T01:27:01]i000: Initializing formatted variable 'JAWSLanguage64deu_KIOSK' to value '0'
[0DDC:1EB4][2026-05-11T01:27:01]i000: Initializing formatted variable 'JAWSLanguage64deu_KIOSK_WITH_BRAILLE' to value '0'
[0DDC:1EB4][2026-05-11T01:27:01]i000: Initializing formatted variable 'JAWSLanguage64deu_KIOSK_WITH_REMOTE_ACCESS_SUPPORT' to value '0'
[0DDC:1EB4][2026-05-11T01:27:01]i000: Initializing formatted variable 'JAWSLanguageARM64deu_OVERWRITEFILES' to value '0'
[0DDC:1EB4][2026-05-11T01:27:01]i000: Initializing formatted variable 'JAWSLanguageARM64deu_TANDEM' to value '1'
[0DDC:1EB4][2026-05-11T01:27:01]i000: Initializing formatted variable 'JAWSLanguageARM64deu_KIOSK' to value '0'
[0DDC:1EB4][2026-05-11T01:27:01]i000: Initializing formatted variable 'JAWSLanguageARM64deu_KIOSK_WITH_BRAILLE' to value '0'
[0DDC:1EB4][2026-05-11T01:27:01]i000: Initializing formatted variable 'JAWSLanguageARM64deu_KIOSK_WITH_REMOTE_ACCESS_SUPPORT' to value '0'
[0DDC:1EB4][2026-05-11T01:27:01]i000: Initializing formatted variable 'JAWSLanguage64esn_PRIMARY_LANGUAGE' to value ''
[0DDC:1EB4][2026-05-11T01:27:01]i000: Initializing formatted variable 'JAWSLanguageARM64esn_PRIMARY_LANGUAGE' to value ''
[0DDC:1EB4][2026-05-11T01:27:01]i000: Initializing formatted variable 'JAWSLanguage64esn_OVERWRITEFILES' to value '0'
[0DDC:1EB4][2026-05-11T01:27:01]i000: Initializing formatted variable 'JAWSLanguage64esn_TANDEM' to value '1'
[0DDC:1EB4][2026-05-11T01:27:01]i000: Initializing formatted variable 'JAWSLanguage64esn_KIOSK' to value '0'
[0DDC:1EB4][2026-05-11T01:27:01]i000: Initializing formatted variable 'JAWSLanguage64esn_KIOSK_WITH_BRAILLE' to value '0'
[0DDC:1EB4][2026-05-11T01:27:01]i000: Initializing formatted variable 'JAWSLanguage64esn_KIOSK_WITH_REMOTE_ACCESS_SUPPORT' to value '0'
[0DDC:1EB4][2026-05-11T01:27:01]i000: Initializing formatted variable 'JAWSLanguageARM64esn_OVERWRITEFILES' to value '0'
[0DDC:1EB4][2026-05-11T01:27:01]i000: Initializing formatted variable 'JAWSLanguageARM64esn_TANDEM' to value '1'
[0DDC:1EB4][2026-05-11T01:27:01]i000: Initializing formatted variable 'JAWSLanguageARM64esn_KIOSK' to value '0'
[0DDC:1EB4][2026-05-11T01:27:01]i000: Initializing formatted variable 'JAWSLanguageARM64esn_KIOSK_WITH_BRAILLE' to value '0'
[0DDC:1EB4][2026-05-11T01:27:01]i000: Initializing formatted variable 'JAWSLanguageARM64esn_KIOSK_WITH_REMOTE_ACCESS_SUPPORT' to value '0'
[0DDC:1EB4][2026-05-11T01:27:01]i000: Initializing formatted variable 'JAWSLanguage64fin_PRIMARY_LANGUAGE' to value ''
[0DDC:1EB4][2026-05-11T01:27:01]i000: Initializing formatted variable 'JAWSLanguageARM64fin_PRIMARY_LANGUAGE' to value ''
[0DDC:1EB4][2026-05-11T01:27:01]i000: Initializing formatted variable 'JAWSLanguage64fin_OVERWRITEFILES' to value '0'
[0DDC:1EB4][2026-05-11T01:27:01]i000: Initializing formatted variable 'JAWSLanguage64fin_TANDEM' to value '1'
[0DDC:1EB4][2026-05-11T01:27:01]i000: Initializing formatted variable 'JAWSLanguage64fin_KIOSK' to value '0'
[0DDC:1EB4][2026-05-11T01:27:01]i000: Initializing formatted variable 'JAWSLanguage64fin_KIOSK_WITH_BRAILLE' to value '0'
[0DDC:1EB4][2026-05-11T01:27:01]i000: Initializing formatted variable 'JAWSLanguage64fin_KIOSK_WITH_REMOTE_ACCESS_SUPPORT' to value '0'
[0DDC:1EB4][2026-05-11T01:27:01]i000: Initializing formatted variable 'JAWSLanguageARM64fin_OVERWRITEFILES' to value '0'
[0DDC:1EB4][2026-05-11T01:27:01]i000: Initializing formatted variable 'JAWSLanguageARM64fin_TANDEM' to value '1'
[0DDC:1EB4][2026-05-11T01:27:01]i000: Initializing formatted variable 'JAWSLanguageARM64fin_KIOSK' to value '0'
[0DDC:1EB4][2026-05-11T01:27:01]i000: Initializing formatted variable 'JAWSLanguageARM64fin_KIOSK_WITH_BRAILLE' to value '0'
[0DDC:1EB4][2026-05-11T01:27:01]i000: Initializing formatted variable 'JAWSLanguageARM64fin_KIOSK_WITH_REMOTE_ACCESS_SUPPORT' to value '0'
[0DDC:1EB4][2026-05-11T01:27:01]i000: Initializing formatted variable 'JAWSLanguage64fra_PRIMARY_LANGUAGE' to value ''
[0DDC:1EB4][2026-05-11T01:27:01]i000: Initializing formatted variable 'JAWSLanguageARM64fra_PRIMARY_LANGUAGE' to value ''
[0DDC:1EB4][2026-05-11T01:27:01]i000: Initializing formatted variable 'JAWSLanguage64fra_OVERWRITEFILES' to value '0'
[0DDC:1EB4][2026-05-11T01:27:01]i000: Initializing formatted variable 'JAWSLanguage64fra_TANDEM' to value '1'
[0DDC:1EB4][2026-05-11T01:27:01]i000: Initializing formatted variable 'JAWSLanguage64fra_KIOSK' to value '0'
[0DDC:1EB4][2026-05-11T01:27:01]i000: Initializing formatted variable 'JAWSLanguage64fra_KIOSK_WITH_BRAILLE' to value '0'
[0DDC:1EB4][2026-05-11T01:27:01]i000: Initializing formatted variable 'JAWSLanguage64fra_KIOSK_WITH_REMOTE_ACCESS_SUPPORT' to value '0'
[0DDC:1EB4][2026-05-11T01:27:01]i000: Initializing formatted variable 'JAWSLanguageARM64fra_OVERWRITEFILES' to value '0'
[0DDC:1EB4][2026-05-11T01:27:01]i000: Initializing formatted variable 'JAWSLanguageARM64fra_TANDEM' to value '1'
[0DDC:1EB4][2026-05-11T01:27:01]i000: Initializing formatted variable 'JAWSLanguageARM64fra_KIOSK' to value '0'
[0DDC:1EB4][2026-05-11T01:27:01]i000: Initializing formatted variable 'JAWSLanguageARM64fra_KIOSK_WITH_BRAILLE' to value '0'
[0DDC:1EB4][2026-05-11T01:27:01]i000: Initializing formatted variable 'JAWSLanguageARM64fra_KIOSK_WITH_REMOTE_ACCESS_SUPPORT' to value '0'
[0DDC:1EB4][2026-05-11T01:27:01]i000: Initializing formatted variable 'JAWSLanguage64frc_PRIMARY_LANGUAGE' to value ''
[0DDC:1EB4][2026-05-11T01:27:01]i000: Initializing formatted variable 'JAWSLanguageARM64frc_PRIMARY_LANGUAGE' to value ''
[0DDC:1EB4][2026-05-11T01:27:01]i000: Initializing formatted variable 'JAWSLanguage64frc_OVERWRITEFILES' to value '0'
[0DDC:1EB4][2026-05-11T01:27:01]i000: Initializing formatted variable 'JAWSLanguage64frc_TANDEM' to value '1'
[0DDC:1EB4][2026-05-11T01:27:01]i000: Initializing formatted variable 'JAWSLanguage64frc_KIOSK' to value '0'
[0DDC:1EB4][2026-05-11T01:27:01]i000: Initializing formatted variable 'JAWSLanguage64frc_KIOSK_WITH_BRAILLE' to value '0'
[0DDC:1EB4][2026-05-11T01:27:01]i000: Initializing formatted variable 'JAWSLanguage64frc_KIOSK_WITH_REMOTE_ACCESS_SUPPORT' to value '0'
[0DDC:1EB4][2026-05-11T01:27:01]i000: Initializing formatted variable 'JAWSLanguageARM64frc_OVERWRITEFILES' to value '0'
[0DDC:1EB4][2026-05-11T01:27:01]i000: Initializing formatted variable 'JAWSLanguageARM64frc_TANDEM' to value '1'
[0DDC:1EB4][2026-05-11T01:27:01]i000: Initializing formatted variable 'JAWSLanguageARM64frc_KIOSK' to value '0'
[0DDC:1EB4][2026-05-11T01:27:01]i000: Initializing formatted variable 'JAWSLanguageARM64frc_KIOSK_WITH_BRAILLE' to value '0'
[0DDC:1EB4][2026-05-11T01:27:01]i000: Initializing formatted variable 'JAWSLanguageARM64frc_KIOSK_WITH_REMOTE_ACCESS_SUPPORT' to value '0'
[0DDC:1EB4][2026-05-11T01:27:01]i000: Initializing formatted variable 'JAWSLanguage64heb_PRIMARY_LANGUAGE' to value ''
[0DDC:1EB4][2026-05-11T01:27:01]i000: Initializing formatted variable 'JAWSLanguageARM64heb_PRIMARY_LANGUAGE' to value ''
[0DDC:1EB4][2026-05-11T01:27:01]i000: Initializing formatted variable 'JAWSLanguage64heb_OVERWRITEFILES' to value '0'
[0DDC:1EB4][2026-05-11T01:27:01]i000: Initializing formatted variable 'JAWSLanguage64heb_TANDEM' to value '1'
[0DDC:1EB4][2026-05-11T01:27:01]i000: Initializing formatted variable 'JAWSLanguage64heb_KIOSK' to value '0'
[0DDC:1EB4][2026-05-11T01:27:01]i000: Initializing formatted variable 'JAWSLanguage64heb_KIOSK_WITH_BRAILLE' to value '0'
[0DDC:1EB4][2026-05-11T01:27:01]i000: Initializing formatted variable 'JAWSLanguage64heb_KIOSK_WITH_REMOTE_ACCESS_SUPPORT' to value '0'
[0DDC:1EB4][2026-05-11T01:27:01]i000: Initializing formatted variable 'JAWSLanguageARM64heb_OVERWRITEFILES' to value '0'
[0DDC:1EB4][2026-05-11T01:27:01]i000: Initializing formatted variable 'JAWSLanguageARM64heb_TANDEM' to value '1'
[0DDC:1EB4][2026-05-11T01:27:01]i000: Initializing formatted variable 'JAWSLanguageARM64heb_KIOSK' to value '0'
[0DDC:1EB4][2026-05-11T01:27:01]i000: Initializing formatted variable 'JAWSLanguageARM64heb_KIOSK_WITH_BRAILLE' to value '0'
[0DDC:1EB4][2026-05-11T01:27:01]i000: Initializing formatted variable 'JAWSLanguageARM64heb_KIOSK_WITH_REMOTE_ACCESS_SUPPORT' to value '0'
[0DDC:1EB4][2026-05-11T01:27:01]i000: Initializing formatted variable 'JAWSLanguage64hun_PRIMARY_LANGUAGE' to value ''
[0DDC:1EB4][2026-05-11T01:27:01]i000: Initializing formatted variable 'JAWSLanguageARM64hun_PRIMARY_LANGUAGE' to value ''
[0DDC:1EB4][2026-05-11T01:27:01]i000: Initializing formatted variable 'JAWSLanguage64hun_OVERWRITEFILES' to value '0'
[0DDC:1EB4][2026-05-11T01:27:01]i000: Initializing formatted variable 'JAWSLanguage64hun_TANDEM' to value '1'
[0DDC:1EB4][2026-05-11T01:27:01]i000: Initializing formatted variable 'JAWSLanguage64hun_KIOSK' to value '0'
[0DDC:1EB4][2026-05-11T01:27:01]i000: Initializing formatted variable 'JAWSLanguage64hun_KIOSK_WITH_BRAILLE' to value '0'
[0DDC:1EB4][2026-05-11T01:27:01]i000: Initializing formatted variable 'JAWSLanguage64hun_KIOSK_WITH_REMOTE_ACCESS_SUPPORT' to value '0'
[0DDC:1EB4][2026-05-11T01:27:01]i000: Initializing formatted variable 'JAWSLanguageARM64hun_OVERWRITEFILES' to value '0'
[0DDC:1EB4][2026-05-11T01:27:01]i000: Initializing formatted variable 'JAWSLanguageARM64hun_TANDEM' to value '1'
[0DDC:1EB4][2026-05-11T01:27:01]i000: Initializing formatted variable 'JAWSLanguageARM64hun_KIOSK' to value '0'
[0DDC:1EB4][2026-05-11T01:27:01]i000: Initializing formatted variable 'JAWSLanguageARM64hun_KIOSK_WITH_BRAILLE' to value '0'
[0DDC:1EB4][2026-05-11T01:27:01]i000: Initializing formatted variable 'JAWSLanguageARM64hun_KIOSK_WITH_REMOTE_ACCESS_SUPPORT' to value '0'
[0DDC:1EB4][2026-05-11T01:27:01]i000: Initializing formatted variable 'JAWSLanguage64ita_PRIMARY_LANGUAGE' to value ''
[0DDC:1EB4][2026-05-11T01:27:01]i000: Initializing formatted variable 'JAWSLanguageARM64ita_PRIMARY_LANGUAGE' to value ''
[0DDC:1EB4][2026-05-11T01:27:01]i000: Initializing formatted variable 'JAWSLanguage64ita_OVERWRITEFILES' to value '0'
[0DDC:1EB4][2026-05-11T01:27:01]i000: Initializing formatted variable 'JAWSLanguage64ita_TANDEM' to value '1'
[0DDC:1EB4][2026-05-11T01:27:01]i000: Initializing formatted variable 'JAWSLanguage64ita_KIOSK' to value '0'
[0DDC:1EB4][2026-05-11T01:27:01]i000: Initializing formatted variable 'JAWSLanguage64ita_KIOSK_WITH_BRAILLE' to value '0'
[0DDC:1EB4][2026-05-11T01:27:01]i000: Initializing formatted variable 'JAWSLanguage64ita_KIOSK_WITH_REMOTE_ACCESS_SUPPORT' to value '0'
[0DDC:1EB4][2026-05-11T01:27:01]i000: Initializing formatted variable 'JAWSLanguageARM64ita_OVERWRITEFILES' to value '0'
[0DDC:1EB4][2026-05-11T01:27:01]i000: Initializing formatted variable 'JAWSLanguageARM64ita_TANDEM' to value '1'
[0DDC:1EB4][2026-05-11T01:27:01]i000: Initializing formatted variable 'JAWSLanguageARM64ita_KIOSK' to value '0'
[0DDC:1EB4][2026-05-11T01:27:01]i000: Initializing formatted variable 'JAWSLanguageARM64ita_KIOSK_WITH_BRAILLE' to value '0'
[0DDC:1EB4][2026-05-11T01:27:01]i000: Initializing formatted variable 'JAWSLanguageARM64ita_KIOSK_WITH_REMOTE_ACCESS_SUPPORT' to value '0'
[0DDC:1EB4][2026-05-11T01:27:01]i000: Initializing formatted variable 'JAWSLanguage64kkz_PRIMARY_LANGUAGE' to value ''
[0DDC:1EB4][2026-05-11T01:27:01]i000: Initializing formatted variable 'JAWSLanguageARM64kkz_PRIMARY_LANGUAGE' to value ''
[0DDC:1EB4][2026-05-11T01:27:01]i000: Initializing formatted variable 'JAWSLanguage64kkz_OVERWRITEFILES' to value '0'
[0DDC:1EB4][2026-05-11T01:27:01]i000: Initializing formatted variable 'JAWSLanguage64kkz_TANDEM' to value '1'
[0DDC:1EB4][2026-05-11T01:27:01]i000: Initializing formatted variable 'JAWSLanguage64kkz_KIOSK' to value '0'
[0DDC:1EB4][2026-05-11T01:27:01]i000: Initializing formatted variable 'JAWSLanguage64kkz_KIOSK_WITH_BRAILLE' to value '0'
[0DDC:1EB4][2026-05-11T01:27:01]i000: Initializing formatted variable 'JAWSLanguage64kkz_KIOSK_WITH_REMOTE_ACCESS_SUPPORT' to value '0'
[0DDC:1EB4][2026-05-11T01:27:01]i000: Initializing formatted variable 'JAWSLanguageARM64kkz_OVERWRITEFILES' to value '0'
[0DDC:1EB4][2026-05-11T01:27:01]i000: Initializing formatted variable 'JAWSLanguageARM64kkz_TANDEM' to value '1'
[0DDC:1EB4][2026-05-11T01:27:01]i000: Initializing formatted variable 'JAWSLanguageARM64kkz_KIOSK' to value '0'
[0DDC:1EB4][2026-05-11T01:27:01]i000: Initializing formatted variable 'JAWSLanguageARM64kkz_KIOSK_WITH_BRAILLE' to value '0'
[0DDC:1EB4][2026-05-11T01:27:01]i000: Initializing formatted variable 'JAWSLanguageARM64kkz_KIOSK_WITH_REMOTE_ACCESS_SUPPORT' to value '0'
[0DDC:1EB4][2026-05-11T01:27:01]i000: Initializing formatted variable 'JAWSLanguage64nlb_PRIMARY_LANGUAGE' to value ''
[0DDC:1EB4][2026-05-11T01:27:01]i000: Initializing formatted variable 'JAWSLanguageARM64nlb_PRIMARY_LANGUAGE' to value ''
[0DDC:1EB4][2026-05-11T01:27:01]i000: Initializing formatted variable 'JAWSLanguage64nlb_OVERWRITEFILES' to value '0'
[0DDC:1EB4][2026-05-11T01:27:01]i000: Initializing formatted variable 'JAWSLanguage64nlb_TANDEM' to value '1'
[0DDC:1EB4][2026-05-11T01:27:01]i000: Initializing formatted variable 'JAWSLanguage64nlb_KIOSK' to value '0'
[0DDC:1EB4][2026-05-11T01:27:01]i000: Initializing formatted variable 'JAWSLanguage64nlb_KIOSK_WITH_BRAILLE' to value '0'
[0DDC:1EB4][2026-05-11T01:27:01]i000: Initializing formatted variable 'JAWSLanguage64nlb_KIOSK_WITH_REMOTE_ACCESS_SUPPORT' to value '0'
[0DDC:1EB4][2026-05-11T01:27:01]i000: Initializing formatted variable 'JAWSLanguageARM64nlb_OVERWRITEFILES' to value '0'
[0DDC:1EB4][2026-05-11T01:27:01]i000: Initializing formatted variable 'JAWSLanguageARM64nlb_TANDEM' to value '1'
[0DDC:1EB4][2026-05-11T01:27:01]i000: Initializing formatted variable 'JAWSLanguageARM64nlb_KIOSK' to value '0'
[0DDC:1EB4][2026-05-11T01:27:01]i000: Initializing formatted variable 'JAWSLanguageARM64nlb_KIOSK_WITH_BRAILLE' to value '0'
[0DDC:1EB4][2026-05-11T01:27:01]i000: Initializing formatted variable 'JAWSLanguageARM64nlb_KIOSK_WITH_REMOTE_ACCESS_SUPPORT' to value '0'
[0DDC:1EB4][2026-05-11T01:27:01]i000: Initializing formatted variable 'JAWSLanguage64nld_PRIMARY_LANGUAGE' to value ''
[0DDC:1EB4][2026-05-11T01:27:01]i000: Initializing formatted variable 'JAWSLanguageARM64nld_PRIMARY_LANGUAGE' to value ''
[0DDC:1EB4][2026-05-11T01:27:01]i000: Initializing formatted variable 'JAWSLanguage64nld_OVERWRITEFILES' to value '0'
[0DDC:1EB4][2026-05-11T01:27:01]i000: Initializing formatted variable 'JAWSLanguage64nld_TANDEM' to value '1'
[0DDC:1EB4][2026-05-11T01:27:01]i000: Initializing formatted variable 'JAWSLanguage64nld_KIOSK' to value '0'
[0DDC:1EB4][2026-05-11T01:27:01]i000: Initializing formatted variable 'JAWSLanguage64nld_KIOSK_WITH_BRAILLE' to value '0'
[0DDC:1EB4][2026-05-11T01:27:01]i000: Initializing formatted variable 'JAWSLanguage64nld_KIOSK_WITH_REMOTE_ACCESS_SUPPORT' to value '0'
[0DDC:1EB4][2026-05-11T01:27:01]i000: Initializing formatted variable 'JAWSLanguageARM64nld_OVERWRITEFILES' to value '0'
[0DDC:1EB4][2026-05-11T01:27:01]i000: Initializing formatted variable 'JAWSLanguageARM64nld_TANDEM' to value '1'
[0DDC:1EB4][2026-05-11T01:27:01]i000: Initializing formatted variable 'JAWSLanguageARM64nld_KIOSK' to value '0'
[0DDC:1EB4][2026-05-11T01:27:01]i000: Initializing formatted variable 'JAWSLanguageARM64nld_KIOSK_WITH_BRAILLE' to value '0'
[0DDC:1EB4][2026-05-11T01:27:01]i000: Initializing formatted variable 'JAWSLanguageARM64nld_KIOSK_WITH_REMOTE_ACCESS_SUPPORT' to value '0'
[0DDC:1EB4][2026-05-11T01:27:01]i000: Initializing formatted variable 'JAWSLanguage64nor_PRIMARY_LANGUAGE' to value ''
[0DDC:1EB4][2026-05-11T01:27:01]i000: Initializing formatted variable 'JAWSLanguageARM64nor_PRIMARY_LANGUAGE' to value ''
[0DDC:1EB4][2026-05-11T01:27:01]i000: Initializing formatted variable 'JAWSLanguage64nor_OVERWRITEFILES' to value '0'
[0DDC:1EB4][2026-05-11T01:27:01]i000: Initializing formatted variable 'JAWSLanguage64nor_TANDEM' to value '1'
[0DDC:1EB4][2026-05-11T01:27:01]i000: Initializing formatted variable 'JAWSLanguage64nor_KIOSK' to value '0'
[0DDC:1EB4][2026-05-11T01:27:01]i000: Initializing formatted variable 'JAWSLanguage64nor_KIOSK_WITH_BRAILLE' to value '0'
[0DDC:1EB4][2026-05-11T01:27:01]i000: Initializing formatted variable 'JAWSLanguage64nor_KIOSK_WITH_REMOTE_ACCESS_SUPPORT' to value '0'
[0DDC:1EB4][2026-05-11T01:27:01]i000: Initializing formatted variable 'JAWSLanguageARM64nor_OVERWRITEFILES' to value '0'
[0DDC:1EB4][2026-05-11T01:27:01]i000: Initializing formatted variable 'JAWSLanguageARM64nor_TANDEM' to value '1'
[0DDC:1EB4][2026-05-11T01:27:01]i000: Initializing formatted variable 'JAWSLanguageARM64nor_KIOSK' to value '0'
[0DDC:1EB4][2026-05-11T01:27:01]i000: Initializing formatted variable 'JAWSLanguageARM64nor_KIOSK_WITH_BRAILLE' to value '0'
[0DDC:1EB4][2026-05-11T01:27:01]i000: Initializing formatted variable 'JAWSLanguageARM64nor_KIOSK_WITH_REMOTE_ACCESS_SUPPORT' to value '0'
[0DDC:1EB4][2026-05-11T01:27:01]i000: Initializing formatted variable 'JAWSLanguage64ptb_PRIMARY_LANGUAGE' to value ''
[0DDC:1EB4][2026-05-11T01:27:01]i000: Initializing formatted variable 'JAWSLanguageARM64ptb_PRIMARY_LANGUAGE' to value ''
[0DDC:1EB4][2026-05-11T01:27:01]i000: Initializing formatted variable 'JAWSLanguage64ptb_OVERWRITEFILES' to value '0'
[0DDC:1EB4][2026-05-11T01:27:01]i000: Initializing formatted variable 'JAWSLanguage64ptb_TANDEM' to value '1'
[0DDC:1EB4][2026-05-11T01:27:01]i000: Initializing formatted variable 'JAWSLanguage64ptb_KIOSK' to value '0'
[0DDC:1EB4][2026-05-11T01:27:01]i000: Initializing formatted variable 'JAWSLanguage64ptb_KIOSK_WITH_BRAILLE' to value '0'
[0DDC:1EB4][2026-05-11T01:27:01]i000: Initializing formatted variable 'JAWSLanguage64ptb_KIOSK_WITH_REMOTE_ACCESS_SUPPORT' to value '0'
[0DDC:1EB4][2026-05-11T01:27:01]i000: Initializing formatted variable 'JAWSLanguageARM64ptb_OVERWRITEFILES' to value '0'
[0DDC:1EB4][2026-05-11T01:27:01]i000: Initializing formatted variable 'JAWSLanguageARM64ptb_TANDEM' to value '1'
[0DDC:1EB4][2026-05-11T01:27:01]i000: Initializing formatted variable 'JAWSLanguageARM64ptb_KIOSK' to value '0'
[0DDC:1EB4][2026-05-11T01:27:01]i000: Initializing formatted variable 'JAWSLanguageARM64ptb_KIOSK_WITH_BRAILLE' to value '0'
[0DDC:1EB4][2026-05-11T01:27:01]i000: Initializing formatted variable 'JAWSLanguageARM64ptb_KIOSK_WITH_REMOTE_ACCESS_SUPPORT' to value '0'
[0DDC:1EB4][2026-05-11T01:27:01]i000: Initializing formatted variable 'JAWSLanguage64rus_PRIMARY_LANGUAGE' to value ''
[0DDC:1EB4][2026-05-11T01:27:01]i000: Initializing formatted variable 'JAWSLanguageARM64rus_PRIMARY_LANGUAGE' to value ''
[0DDC:1EB4][2026-05-11T01:27:01]i000: Initializing formatted variable 'JAWSLanguage64rus_OVERWRITEFILES' to value '0'
[0DDC:1EB4][2026-05-11T01:27:01]i000: Initializing formatted variable 'JAWSLanguage64rus_TANDEM' to value '1'
[0DDC:1EB4][2026-05-11T01:27:01]i000: Initializing formatted variable 'JAWSLanguage64rus_KIOSK' to value '0'
[0DDC:1EB4][2026-05-11T01:27:01]i000: Initializing formatted variable 'JAWSLanguage64rus_KIOSK_WITH_BRAILLE' to value '0'
[0DDC:1EB4][2026-05-11T01:27:01]i000: Initializing formatted variable 'JAWSLanguage64rus_KIOSK_WITH_REMOTE_ACCESS_SUPPORT' to value '0'
[0DDC:1EB4][2026-05-11T01:27:01]i000: Initializing formatted variable 'JAWSLanguageARM64rus_OVERWRITEFILES' to value '0'
[0DDC:1EB4][2026-05-11T01:27:01]i000: Initializing formatted variable 'JAWSLanguageARM64rus_TANDEM' to value '1'
[0DDC:1EB4][2026-05-11T01:27:01]i000: Initializing formatted variable 'JAWSLanguageARM64rus_KIOSK' to value '0'
[0DDC:1EB4][2026-05-11T01:27:01]i000: Initializing formatted variable 'JAWSLanguageARM64rus_KIOSK_WITH_BRAILLE' to value '0'
[0DDC:1EB4][2026-05-11T01:27:01]i000: Initializing formatted variable 'JAWSLanguageARM64rus_KIOSK_WITH_REMOTE_ACCESS_SUPPORT' to value '0'
[0DDC:1EB4][2026-05-11T01:27:01]i000: Initializing formatted variable 'JAWSLanguage64sky_PRIMARY_LANGUAGE' to value ''
[0DDC:1EB4][2026-05-11T01:27:01]i000: Initializing formatted variable 'JAWSLanguageARM64sky_PRIMARY_LANGUAGE' to value ''
[0DDC:1EB4][2026-05-11T01:27:01]i000: Initializing formatted variable 'JAWSLanguage64sky_OVERWRITEFILES' to value '0'
[0DDC:1EB4][2026-05-11T01:27:01]i000: Initializing formatted variable 'JAWSLanguage64sky_TANDEM' to value '1'
[0DDC:1EB4][2026-05-11T01:27:01]i000: Initializing formatted variable 'JAWSLanguage64sky_KIOSK' to value '0'
[0DDC:1EB4][2026-05-11T01:27:01]i000: Initializing formatted variable 'JAWSLanguage64sky_KIOSK_WITH_BRAILLE' to value '0'
[0DDC:1EB4][2026-05-11T01:27:01]i000: Initializing formatted variable 'JAWSLanguage64sky_KIOSK_WITH_REMOTE_ACCESS_SUPPORT' to value '0'
[0DDC:1EB4][2026-05-11T01:27:01]i000: Initializing formatted variable 'JAWSLanguageARM64sky_OVERWRITEFILES' to value '0'
[0DDC:1EB4][2026-05-11T01:27:01]i000: Initializing formatted variable 'JAWSLanguageARM64sky_TANDEM' to value '1'
[0DDC:1EB4][2026-05-11T01:27:01]i000: Initializing formatted variable 'JAWSLanguageARM64sky_KIOSK' to value '0'
[0DDC:1EB4][2026-05-11T01:27:01]i000: Initializing formatted variable 'JAWSLanguageARM64sky_KIOSK_WITH_BRAILLE' to value '0'
[0DDC:1EB4][2026-05-11T01:27:01]i000: Initializing formatted variable 'JAWSLanguageARM64sky_KIOSK_WITH_REMOTE_ACCESS_SUPPORT' to value '0'
[0DDC:1EB4][2026-05-11T01:27:01]i000: Initializing formatted variable 'JAWSLanguage64sve_PRIMARY_LANGUAGE' to value ''
[0DDC:1EB4][2026-05-11T01:27:01]i000: Initializing formatted variable 'JAWSLanguageARM64sve_PRIMARY_LANGUAGE' to value ''
[0DDC:1EB4][2026-05-11T01:27:01]i000: Initializing formatted variable 'JAWSLanguage64sve_OVERWRITEFILES' to value '0'
[0DDC:1EB4][2026-05-11T01:27:01]i000: Initializing formatted variable 'JAWSLanguage64sve_TANDEM' to value '1'
[0DDC:1EB4][2026-05-11T01:27:01]i000: Initializing formatted variable 'JAWSLanguage64sve_KIOSK' to value '0'
[0DDC:1EB4][2026-05-11T01:27:01]i000: Initializing formatted variable 'JAWSLanguage64sve_KIOSK_WITH_BRAILLE' to value '0'
[0DDC:1EB4][2026-05-11T01:27:01]i000: Initializing formatted variable 'JAWSLanguage64sve_KIOSK_WITH_REMOTE_ACCESS_SUPPORT' to value '0'
[0DDC:1EB4][2026-05-11T01:27:01]i000: Initializing formatted variable 'JAWSLanguageARM64sve_OVERWRITEFILES' to value '0'
[0DDC:1EB4][2026-05-11T01:27:01]i000: Initializing formatted variable 'JAWSLanguageARM64sve_TANDEM' to value '1'
[0DDC:1EB4][2026-05-11T01:27:01]i000: Initializing formatted variable 'JAWSLanguageARM64sve_KIOSK' to value '0'
[0DDC:1EB4][2026-05-11T01:27:01]i000: Initializing formatted variable 'JAWSLanguageARM64sve_KIOSK_WITH_BRAILLE' to value '0'
[0DDC:1EB4][2026-05-11T01:27:01]i000: Initializing formatted variable 'JAWSLanguageARM64sve_KIOSK_WITH_REMOTE_ACCESS_SUPPORT' to value '0'
[0DDC:1EB4][2026-05-11T01:27:01]i000: Initializing formatted variable 'JAWSLanguage64trk_PRIMARY_LANGUAGE' to value ''
[0DDC:1EB4][2026-05-11T01:27:01]i000: Initializing formatted variable 'JAWSLanguageARM64trk_PRIMARY_LANGUAGE' to value ''
[0DDC:1EB4][2026-05-11T01:27:01]i000: Initializing formatted variable 'JAWSLanguage64trk_OVERWRITEFILES' to value '0'
[0DDC:1EB4][2026-05-11T01:27:01]i000: Initializing formatted variable 'JAWSLanguage64trk_TANDEM' to value '1'
[0DDC:1EB4][2026-05-11T01:27:01]i000: Initializing formatted variable 'JAWSLanguage64trk_KIOSK' to value '0'
[0DDC:1EB4][2026-05-11T01:27:01]i000: Initializing formatted variable 'JAWSLanguage64trk_KIOSK_WITH_BRAILLE' to value '0'
[0DDC:1EB4][2026-05-11T01:27:01]i000: Initializing formatted variable 'JAWSLanguage64trk_KIOSK_WITH_REMOTE_ACCESS_SUPPORT' to value '0'
[0DDC:1EB4][2026-05-11T01:27:01]i000: Initializing formatted variable 'JAWSLanguageARM64trk_OVERWRITEFILES' to value '0'
[0DDC:1EB4][2026-05-11T01:27:01]i000: Initializing formatted variable 'JAWSLanguageARM64trk_TANDEM' to value '1'
[0DDC:1EB4][2026-05-11T01:27:01]i000: Initializing formatted variable 'JAWSLanguageARM64trk_KIOSK' to value '0'
[0DDC:1EB4][2026-05-11T01:27:01]i000: Initializing formatted variable 'JAWSLanguageARM64trk_KIOSK_WITH_BRAILLE' to value '0'
[0DDC:1EB4][2026-05-11T01:27:01]i000: Initializing formatted variable 'JAWSLanguageARM64trk_KIOSK_WITH_REMOTE_ACCESS_SUPPORT' to value '0'
[0DDC:1EB4][2026-05-11T01:27:01]i000: Initializing formatted variable 'JAWSLanguage64ukr_PRIMARY_LANGUAGE' to value ''
[0DDC:1EB4][2026-05-11T01:27:01]i000: Initializing formatted variable 'JAWSLanguageARM64ukr_PRIMARY_LANGUAGE' to value ''
[0DDC:1EB4][2026-05-11T01:27:01]i000: Initializing formatted variable 'JAWSLanguage64ukr_OVERWRITEFILES' to value '0'
[0DDC:1EB4][2026-05-11T01:27:01]i000: Initializing formatted variable 'JAWSLanguage64ukr_TANDEM' to value '1'
[0DDC:1EB4][2026-05-11T01:27:01]i000: Initializing formatted variable 'JAWSLanguage64ukr_KIOSK' to value '0'
[0DDC:1EB4][2026-05-11T01:27:01]i000: Initializing formatted variable 'JAWSLanguage64ukr_KIOSK_WITH_BRAILLE' to value '0'
[0DDC:1EB4][2026-05-11T01:27:01]i000: Initializing formatted variable 'JAWSLanguage64ukr_KIOSK_WITH_REMOTE_ACCESS_SUPPORT' to value '0'
[0DDC:1EB4][2026-05-11T01:27:01]i000: Initializing formatted variable 'JAWSLanguageARM64ukr_OVERWRITEFILES' to value '0'
[0DDC:1EB4][2026-05-11T01:27:01]i000: Initializing formatted variable 'JAWSLanguageARM64ukr_TANDEM' to value '1'
[0DDC:1EB4][2026-05-11T01:27:01]i000: Initializing formatted variable 'JAWSLanguageARM64ukr_KIOSK' to value '0'
[0DDC:1EB4][2026-05-11T01:27:01]i000: Initializing formatted variable 'JAWSLanguageARM64ukr_KIOSK_WITH_BRAILLE' to value '0'
[0DDC:1EB4][2026-05-11T01:27:01]i000: Initializing formatted variable 'JAWSLanguageARM64ukr_KIOSK_WITH_REMOTE_ACCESS_SUPPORT' to value '0'
[0DDC:1EB4][2026-05-11T01:27:01]i000: Initializing version variable 'PostInstall_Version' to value '2026.2603.86.400'
[0DDC:1EB4][2026-05-11T01:27:01]i000: Initializing formatted variable 'PostInstallProductLanguages' to value 'enu'
[0DDC:1EB4][2026-05-11T01:27:01]i009: Command Line: '/Type Silent /Language enu /Log D:\a\_temp\jaws-evidence\jaws-install.log'
[0DDC:1EB4][2026-05-11T01:27:01]i000: Setting string variable 'WixBundleOriginalSource' to value 'D:\a\_temp\jaws-evidence\J2026.2603.86.400-any.exe'
[0DDC:1EB4][2026-05-11T01:27:01]i000: Setting string variable 'WixBundleOriginalSourceFolder' to value 'D:\a\_temp\jaws-evidence\'
[0DDC:1EB4][2026-05-11T01:27:02]i000: Setting string variable 'WixBundleLog' to value 'D:\a\_temp\jaws-evidence\jaws-install.log'
[0DDC:1EB4][2026-05-11T01:27:02]i000: Setting string variable 'WixBundleInProgressName' to value ''
[0DDC:1EB4][2026-05-11T01:27:02]i000: Setting string variable 'WixBundleName' to value 'Vispero JAWS 2026'
[0DDC:1EB4][2026-05-11T01:27:02]i000: Setting string variable 'WixBundleManufacturer' to value 'Vispero'
[0DDC:1C6C][2026-05-11T01:27:02]i000: Setting formatted variable 'DetectedSystemPlatform' to value 'x64'
[0DDC:1C6C][2026-05-11T01:27:02]i000: Setting numeric variable 'DetectedIsWin11OrGreater' to value 1
[0DDC:1C6C][2026-05-11T01:27:02]i000: SetupApp: Command Line: /Type Silent /Language enu
[0DDC:1C6C][2026-05-11T01:27:02]i000: SetupApp: Required platform not set
[0DDC:1C6C][2026-05-11T01:27:03]i052: Condition 'VersionNT >= v10.0 AND NOT (DetectedSystemPlatform ~= "x86") AND ((NOT DetectedSystemPlatform ~= "arm64") OR (DetectedSystemPlatform ~= "arm64" AND DetectedIsWin11OrGreater = 1))' evaluates to true.
[0DDC:1C6C][2026-05-11T01:27:03]i000: Setting formatted variable 'AdditionalSettingsFile' to value 'D:\a\_temp\jaws-evidence\AdditionalSettings.ini'
[0DDC:1C6C][2026-05-11T01:27:04]i000: Setting formatted variable 'OriginalSourceFolderNoTrailingBackslash' to value 'D:\a\_temp\jaws-evidence'
[0DDC:1EB4][2026-05-11T01:27:04]i100: Detect begin, 159 packages
[0DDC:1C6C][2026-05-11T01:27:05]i000: Setting formatted variable 'DetectedSystemPlatform' to value 'x64'
[0DDC:1C6C][2026-05-11T01:27:05]i000: Setting numeric variable 'DetectedIsWin11OrGreater' to value 1
[0DDC:1C6C][2026-05-11T01:27:05]i000: SetupApp: Command Line: /Type Silent /Language enu
[0DDC:1C6C][2026-05-11T01:27:05]i000: SetupApp: Required platform not set
[0DDC:1C6C][2026-05-11T01:27:05]i052: Condition 'VersionNT >= v10.0 AND NOT (DetectedSystemPlatform ~= "x86") AND ((NOT DetectedSystemPlatform ~= "arm64") OR (DetectedSystemPlatform ~= "arm64" AND DetectedIsWin11OrGreater = 1))' evaluates to true.
[0DDC:1C6C][2026-05-11T01:27:05]i000: Setting formatted variable 'AdditionalSettingsFile' to value 'D:\a\_temp\jaws-evidence\AdditionalSettings.ini'
[0DDC:1C6C][2026-05-11T01:27:05]i000: Setting formatted variable 'JAWS64_ENABLE_UNTRUSTED_FONTS_EXCEPTION' to value '1'
[0DDC:1C6C][2026-05-11T01:27:05]i000: Setting formatted variable 'JAWSARM64_ENABLE_UNTRUSTED_FONTS_EXCEPTION' to value '1'
[0DDC:1C6C][2026-05-11T01:27:05]i000: Setting formatted variable 'JAWS64_ENABLE_UNTRUSTED_FONTS_EXCEPTION' to value '1'
[0DDC:1C6C][2026-05-11T01:27:05]i000: Setting formatted variable 'JAWSARM64_ENABLE_UNTRUSTED_FONTS_EXCEPTION' to value '1'
[0DDC:1C6C][2026-05-11T01:27:05]e000: SetupApp: Detect Microsoft .NET Max Version Succeeded. No versions detected in: C:\Program Files\dotnet. Version: 5
[0DDC:1C6C][2026-05-11T01:27:05]e000: SetupApp: Detect Microsoft .NET Max Version Succeeded. No versions detected in: C:\Program Files\dotnet. Version: 6
[0DDC:1C6C][2026-05-11T01:27:05]i000: SetupApp: Detect Microsoft .NET Max Version Succeeded. Detected versions from DotNet Exe in: C:\Program Files\dotnet. Version: 8
[0DDC:1C6C][2026-05-11T01:27:05]i000: Setting version variable 'DetectedNativeDotNet8MaxVersion' to value '8.0.26.0'
[0DDC:1C6C][2026-05-11T01:27:05]e000: SetupApp: Detect Microsoft .NET Max Version Succeeded. No versions detected in: C:\Program Files (x86)\dotnet. Version: 5
[0DDC:1C6C][2026-05-11T01:27:05]e000: SetupApp: Detect Microsoft .NET Max Version Succeeded. No versions detected in: C:\Program Files (x86)\dotnet. Version: 6
[0DDC:1C6C][2026-05-11T01:27:05]i000: SetupApp: Detect Microsoft .NET Max Version Succeeded. Detected versions from DotNet Exe in: C:\Program Files (x86)\dotnet. Version: 8
[0DDC:1C6C][2026-05-11T01:27:05]i000: Setting version variable 'DetectedWOW64DotNet8MaxVersion' to value '8.0.26.0'
[0DDC:1C6C][2026-05-11T01:27:05]i000: SetupApp: Detect Microsoft .NET Max Version Succeeded. Not ARM64. Skipping X64OnARM64 detect and set.
[0DDC:1EB4][2026-05-11T01:27:05]i000: Registry key not found. Key = 'SOFTWARE\Freedom Scientific\JAWS\2026\Components'
[0DDC:1EB4][2026-05-11T01:27:05]i000: Setting string variable 'SearchedWindowsBuildVer' to value '26100'
[0DDC:1EB4][2026-05-11T01:27:05]i000: Product or related product not found: {92F55251-4B8C-4159-98FE-B6744E925E0D}
[0DDC:1EB4][2026-05-11T01:27:05]i000: Setting version variable 'UninstallRDPProductVersion' to value '0.0.0.0'
[0DDC:1EB4][2026-05-11T01:27:05]i052: Condition 'DetectedSystemPlatform ~= "x64"' evaluates to true.
[0DDC:1EB4][2026-05-11T01:27:05]i000: Setting numeric variable 'UninstallRDPComponentState' to value 2
[0DDC:1EB4][2026-05-11T01:27:05]i052: Condition 'UninstallRDPProductVersion >= "22.0.0.0" AND UninstallRDPComponentState=2' evaluates to false.
[0DDC:1EB4][2026-05-11T01:27:05]i000: Trying per-machine extended info for property 'State' for product: {38464CAB-C140-4C39-BE4C-C68D062130DA}
[0DDC:1EB4][2026-05-11T01:27:05]i000: Trying per-user extended info for property 'State' for product: {38464CAB-C140-4C39-BE4C-C68D062130DA}
[0DDC:1EB4][2026-05-11T01:27:05]i000: Product or related product not found: {38464CAB-C140-4C39-BE4C-C68D062130DA}
[0DDC:1EB4][2026-05-11T01:27:05]i000: Setting numeric variable 'VideoAccessibilityInstalledState64' to value 2
[0DDC:1EB4][2026-05-11T01:27:05]i000: File search: wfsb8tQ9grGSx2oIsKCkrVSUhHZZaM, did not find path: [ProgramFiles6432Folder]Freedom Scientific\Shared\FsElevation\1.0\FsElevation.dll
[0DDC:1EB4][2026-05-11T01:27:05]i000: Setting numeric variable 'FsElevation_FileExists' to value 0
[0DDC:1EB4][2026-05-11T01:27:05]i000: File search: wfsUM_d5u9CKjzLlUHRm0U3Ng2IN5s, did not find path: [ProgramFiles6432Folder]Freedom Scientific\Shared\FsTxtSvc\1.0\FsTxtSvc.dll
[0DDC:1EB4][2026-05-11T01:27:05]i000: Setting numeric variable 'FsTxtSvc64_FileExists' to value 0
[0DDC:1EB4][2026-05-11T01:27:05]i000: File search: wfswLz9_k1GLCY56ej0bQd25wxDO1Q, did not find path: [ProgramFiles6432Folder]Freedom Scientific\Utilities\DriverUtility.exe
[0DDC:1EB4][2026-05-11T01:27:05]i000: Setting numeric variable 'Utilities_FileExists' to value 0
[0DDC:1EB4][2026-05-11T01:27:05]i000: File search: wfsZWLvFPD6HIPogxCwQVuVl3Op1r0, did not find path: [ProgramFilesFolder]Freedom Scientific\Shared\Eloquence\6.1\eci.dll
[0DDC:1EB4][2026-05-11T01:27:05]i000: Setting numeric variable 'Eloquence_FileExists' to value 0
[0DDC:1EB4][2026-05-11T01:27:05]i000: Product or related product not found: {FAEE61D3-2A5E-4F7F-926F-77AAC08CE4DD}
[0DDC:1EB4][2026-05-11T01:27:05]i000: Setting version variable 'UninstallSentinelSystemDriver750_InstalledVersion' to value '0.0.0.0'
[0DDC:1EB4][2026-05-11T01:27:05]i000: Product or related product not found: {8DBF8B6E-32FC-4296-8E6B-278487E6A890}
[0DDC:1EB4][2026-05-11T01:27:05]i000: Setting version variable 'UninstallSentinelSystemDriver761_InstalledVersion' to value '0.0.0.0'
[0DDC:1EB4][2026-05-11T01:27:05]i000: Registry key not found. Key = 'SOFTWARE\Microsoft\VisualStudio\14.0\VC\Runtimes\arm64'
[0DDC:1EB4][2026-05-11T01:27:05]i000: Setting string variable 'WebView2InstalledVersion' to value '147.0.3912.86'
[0DDC:1EB4][2026-05-11T01:27:05]i000: Setting string variable 'vcredist2022_x64_InstalledVersion' to value 'v14.50.35719.00'
[0DDC:1EB4][2026-05-11T01:27:05]i000: Setting string variable 'vcredist2022_x86_InstalledVersion' to value 'v14.50.35719.00'
[0DDC:1C6C][2026-05-11T01:27:05]i000: Setting formatted variable 'vcredist2022_x86_InstalledVersion' to value '14.50.35719.00'
[0DDC:1C6C][2026-05-11T01:27:05]i000: Setting numeric variable 'vcredist2022_x86_PrefixResult' to value 1
[0DDC:1C6C][2026-05-11T01:27:05]i000: Setting formatted variable 'vcredist2022_x64_InstalledVersion' to value '14.50.35719.00'
[0DDC:1C6C][2026-05-11T01:27:05]i000: Setting numeric variable 'vcredist2022_x64_PrefixResult' to value 1
[0DDC:1C6C][2026-05-11T01:27:05]e000: SetupApp: Variable was not found to remove prefix. This is not an error. Variable: vcredist2022_ARM64_InstalledVersion, 0x80070490
[0DDC:1C6C][2026-05-11T01:27:05]e000: SetupApp: Continuing IterateRemoveStrBurnVarPrefix on Success Code., 0x1
[0DDC:1EB4][2026-05-11T01:27:05]i052: Condition 'vcredist2022_x86_InstalledVersion AND vcredist2022_x86_PrefixResult = 1 AND vcredist2022_x86_InstalledVersion >= vcredist2022_x86_Version' evaluates to true.
[0DDC:1EB4][2026-05-11T01:27:05]i052: Condition 'vcredist2022_x64_InstalledVersion AND vcredist2022_x64_PrefixResult = 1 AND vcredist2022_x64_InstalledVersion >= vcredist2022_x64_Version' evaluates to true.
[0DDC:1EB4][2026-05-11T01:27:05]i052: Condition 'vcredist2022_ARM64_InstalledVersion AND vcredist2022_ARM64_PrefixResult = 1 AND vcredist2022_ARM64_InstalledVersion >= vcredist2022_ARM64_Version' evaluates to false.
[0DDC:1EB4][2026-05-11T01:27:05]i052: Condition '((DetectedSystemPlatform ~= "x64" OR DetectedSystemPlatform ~= "arm64") AND DetectedWOW64DotNet8MaxVersion AND DetectedWOW64DotNet8MaxVersion >= DotNet8Version) OR (DetectedSystemPlatform ~= "x86" AND DetectedNativeDotNet8MaxVersion AND DetectedNativeDotNet8MaxVersion >= DotNet8Version)' evaluates to true.
[0DDC:1EB4][2026-05-11T01:27:05]i052: Condition '((DetectedSystemPlatform ~= "arm64") AND DetectedX64OnARM64DotNet8MaxVersion AND DetectedX64OnARM64DotNet8MaxVersion >= DotNet8Version) OR (DetectedSystemPlatform ~= "x64" AND DetectedNativeDotNet8MaxVersion AND DetectedNativeDotNet8MaxVersion >= DotNet8Version)' evaluates to true.
[0DDC:1EB4][2026-05-11T01:27:05]i052: Condition 'DetectedNativeDotNet8MaxVersion AND DetectedNativeDotNet8MaxVersion >= DotNet8Version' evaluates to true.
[0DDC:1EB4][2026-05-11T01:27:05]i052: Condition 'WebView2InstalledVersion AND WebView2InstalledVersion >= WebView2Version' evaluates to true.
[0DDC:1EB4][2026-05-11T01:27:05]i052: Condition 'WebView2InstalledVersion AND WebView2InstalledVersion >= WebView2Version' evaluates to true.
[0DDC:1EB4][2026-05-11T01:27:05]i052: Condition 'false' evaluates to false.
[0DDC:1EB4][2026-05-11T01:27:05]i052: Condition 'UninstallSentinelSystemDriver750_InstalledVersion AND UninstallSentinelSystemDriver750_InstalledVersion >= "7.5.0.0"' evaluates to false.
[0DDC:1EB4][2026-05-11T01:27:05]i052: Condition 'UninstallSentinelSystemDriver761_InstalledVersion AND UninstallSentinelSystemDriver761_InstalledVersion >= "7.6.1.0"' evaluates to false.
[0DDC:1EB4][2026-05-11T01:27:05]i052: Condition 'PostInstall_InstalledVersion AND PostInstall_InstalledVersion >= PostInstall_Version' evaluates to false.
[0DDC:1EB4][2026-05-11T01:27:05]i052: Condition 'PostInstall_InstalledVersion AND PostInstall_InstalledVersion >= PostInstall_Version' evaluates to false.
[0DDC:1EB4][2026-05-11T01:27:05]i101: Detected package: vcredist2022_x86, state: Present, cached: No, install registration state: (permanent), cache registration state: (permanent)
[0DDC:1EB4][2026-05-11T01:27:05]i101: Detected package: vcredist2022_x64, state: Present, cached: No, install registration state: (permanent), cache registration state: (permanent)
[0DDC:1EB4][2026-05-11T01:27:05]i101: Detected package: vcredist2022_ARM64, state: Absent, cached: No, install registration state: (permanent), cache registration state: (permanent)
[0DDC:1EB4][2026-05-11T01:27:05]i101: Detected package: MicrosoftDotNet8DesktopRuntimex86, state: Present, cached: No, install registration state: (permanent), cache registration state: (permanent)
[0DDC:1EB4][2026-05-11T01:27:05]i101: Detected package: MicrosoftDotNet8DesktopRuntimex64, state: Present, cached: No, install registration state: (permanent), cache registration state: (permanent)
[0DDC:1EB4][2026-05-11T01:27:05]i101: Detected package: MicrosoftDotNet8DesktopRuntimeARM64, state: Present, cached: No, install registration state: (permanent), cache registration state: (permanent)
[0DDC:1EB4][2026-05-11T01:27:05]i101: Detected package: MicrosoftEdgeWebView2Runtimex86, state: Present, cached: No, install registration state: (permanent), cache registration state: (permanent)
[0DDC:1EB4][2026-05-11T01:27:05]i101: Detected package: MicrosoftEdgeWebView2Runtimex64, state: Present, cached: No, install registration state: (permanent), cache registration state: (permanent)
[0DDC:1EB4][2026-05-11T01:27:05]i101: Detected package: Eloquence, state: Absent, cached: No, install registration state: Absent, cache registration state: Absent
[0DDC:1EB4][2026-05-11T01:27:05]i101: Detected package: VidAccDriverUninstaller64, state: Absent, cached: No, install registration state: (permanent), cache registration state: (permanent)
[0DDC:1EB4][2026-05-11T01:27:05]i101: Detected package: VideoAccessibility64, state: Absent, cached: No, install registration state: Absent, cache registration state: Absent
[0DDC:1EB4][2026-05-11T01:27:05]i101: Detected package: OnniCompact, state: Absent, cached: No, install registration state: (permanent), cache registration state: (permanent)
[0DDC:1EB4][2026-05-11T01:27:05]i101: Detected package: HenrikCompact, state: Absent, cached: No, install registration state: (permanent), cache registration state: (permanent)
[0DDC:1EB4][2026-05-11T01:27:05]i101: Detected package: ClaireCompact, state: Absent, cached: No, install registration state: (permanent), cache registration state: (permanent)
[0DDC:1EB4][2026-05-11T01:27:05]i101: Detected package: EllenCompact, state: Absent, cached: No, install registration state: (permanent), cache registration state: (permanent)
[0DDC:1EB4][2026-05-11T01:27:05]i101: Detected package: CarmitCompact, state: Absent, cached: No, install registration state: (permanent), cache registration state: (permanent)
[0DDC:1EB4][2026-05-11T01:27:05]i101: Detected package: MariskaCompact, state: Absent, cached: No, install registration state: (permanent), cache registration state: (permanent)
[0DDC:1EB4][2026-05-11T01:27:05]i101: Detected package: SamanthaCompact, state: Absent, cached: No, install registration state: (permanent), cache registration state: (permanent)
[0DDC:1EB4][2026-05-11T01:27:05]i101: Detected package: LailaCompact, state: Absent, cached: No, install registration state: (permanent), cache registration state: (permanent)
[0DDC:1EB4][2026-05-11T01:27:05]i101: Detected package: MilenaCompact, state: Absent, cached: No, install registration state: (permanent), cache registration state: (permanent)
[0DDC:1EB4][2026-05-11T01:27:05]i101: Detected package: SaraCompact, state: Absent, cached: No, install registration state: (permanent), cache registration state: (permanent)
[0DDC:1EB4][2026-05-11T01:27:05]i101: Detected package: LauraCompact, state: Absent, cached: No, install registration state: (permanent), cache registration state: (permanent)
[0DDC:1EB4][2026-05-11T01:27:05]i101: Detected package: OskarCompact, state: Absent, cached: No, install registration state: (permanent), cache registration state: (permanent)
[0DDC:1EB4][2026-05-11T01:27:05]i101: Detected package: YeldaCompact, state: Absent, cached: No, install registration state: (permanent), cache registration state: (permanent)
[0DDC:1EB4][2026-05-11T01:27:05]i101: Detected package: Utilities64, state: Absent, cached: No, install registration state: Absent, cache registration state: Absent
[0DDC:1EB4][2026-05-11T01:27:05]i101: Detected package: UtilitiesARM64, state: Absent, cached: No, install registration state: Absent, cache registration state: Absent
[0DDC:1EB4][2026-05-11T01:27:05]i101: Detected package: UninstallSentinelSystemDriver750, state: Absent, cached: No, install registration state: Absent, cache registration state: Absent
[0DDC:1EB4][2026-05-11T01:27:05]i101: Detected package: UninstallSentinelSystemDriver761, state: Absent, cached: No, install registration state: Absent, cache registration state: Absent
[0DDC:1EB4][2026-05-11T01:27:05]i101: Detected package: SentinelProtectionInstaller, state: Absent, cached: No, install registration state: (permanent), cache registration state: (permanent)
[0DDC:1EB4][2026-05-11T01:27:05]i101: Detected package: FsElevation64, state: Absent, cached: No, install registration state: Absent, cache registration state: Absent
[0DDC:1EB4][2026-05-11T01:27:05]i101: Detected package: FsElevationARM64, state: Absent, cached: No, install registration state: Absent, cache registration state: Absent
[0DDC:1EB4][2026-05-11T01:27:05]i101: Detected package: FsTxtSvc64, state: Absent, cached: No, install registration state: Absent, cache registration state: Absent
[0DDC:1EB4][2026-05-11T01:27:05]i101: Detected package: FsTxtSvcARM64, state: Absent, cached: No, install registration state: Absent, cache registration state: Absent
[0DDC:1EB4][2026-05-11T01:27:05]i101: Detected package: fsSynth, state: Absent, cached: No, install registration state: Absent, cache registration state: Absent
[0DDC:1EB4][2026-05-11T01:27:05]i101: Detected package: fsSynthARM64, state: Absent, cached: No, install registration state: Absent, cache registration state: Absent
[0DDC:1EB4][2026-05-11T01:27:05]i101: Detected package: UIAHooks64, state: Absent, cached: No, install registration state: Absent, cache registration state: Absent
[0DDC:1EB4][2026-05-11T01:27:05]i101: Detected package: UIAHooksARM64, state: Absent, cached: No, install registration state: Absent, cache registration state: Absent
[0DDC:1EB4][2026-05-11T01:27:05]i101: Detected package: HookManager64, state: Absent, cached: No, install registration state: Absent, cache registration state: Absent
[0DDC:1EB4][2026-05-11T01:27:05]i101: Detected package: HookManagerARM64, state: Absent, cached: No, install registration state: Absent, cache registration state: Absent
[0DDC:1EB4][2026-05-11T01:27:05]i101: Detected package: AccEventCache64, state: Absent, cached: No, install registration state: Absent, cache registration state: Absent
[0DDC:1EB4][2026-05-11T01:27:05]i101: Detected package: AccEventCacheARM64, state: Absent, cached: No, install registration state: Absent, cache registration state: Absent
[0DDC:1EB4][2026-05-11T01:27:05]i101: Detected package: GlobalHooksDispatcher64, state: Absent, cached: No, install registration state: Absent, cache registration state: Absent
[0DDC:1EB4][2026-05-11T01:27:05]i101: Detected package: GlobalHooksDispatcherARM64, state: Absent, cached: No, install registration state: Absent, cache registration state: Absent
[0DDC:1EB4][2026-05-11T01:27:05]i101: Detected package: GateManager64, state: Absent, cached: No, install registration state: Absent, cache registration state: Absent
[0DDC:1EB4][2026-05-11T01:27:05]i101: Detected package: GateManagerARM64, state: Absent, cached: No, install registration state: Absent, cache registration state: Absent
[0DDC:1EB4][2026-05-11T01:27:05]i101: Detected package: FSReader64, state: Absent, cached: No, install registration state: (permanent), cache registration state: (permanent)
[0DDC:1EB4][2026-05-11T01:27:05]i101: Detected package: FSReaderARM64, state: Absent, cached: No, install registration state: (permanent), cache registration state: (permanent)
[0DDC:1EB4][2026-05-11T01:27:05]i101: Detected package: TableOfContents64, state: Absent, cached: No, install registration state: (permanent), cache registration state: (permanent)
[0DDC:1EB4][2026-05-11T01:27:05]i101: Detected package: FSOmniPage, state: Absent, cached: No, install registration state: Absent, cache registration state: Absent
[0DDC:1EB4][2026-05-11T01:27:05]i101: Detected package: FSOmniPageAsian, state: Absent, cached: No, install registration state: Absent, cache registration state: Absent
[0DDC:1EB4][2026-05-11T01:27:05]i101: Detected package: FSOcr64, state: Absent, cached: No, install registration state: Absent, cache registration state: Absent
[0DDC:1EB4][2026-05-11T01:27:05]i101: Detected package: FSOcrARM64, state: Absent, cached: No, install registration state: Absent, cache registration state: Absent
[0DDC:1EB4][2026-05-11T01:27:05]i101: Detected package: FSSupportTool64, state: Absent, cached: No, install registration state: Absent, cache registration state: Absent
[0DDC:1EB4][2026-05-11T01:27:05]i101: Detected package: FSSupportToolARM64, state: Absent, cached: No, install registration state: Absent, cache registration state: Absent
[0DDC:1EB4][2026-05-11T01:27:05]i101: Detected package: ErrorReporting64, state: Absent, cached: No, install registration state: Absent, cache registration state: Absent
[0DDC:1EB4][2026-05-11T01:27:05]i101: Detected package: ErrorReportingARM64, state: Absent, cached: No, install registration state: Absent, cache registration state: Absent
[0DDC:1EB4][2026-05-11T01:27:05]i101: Detected package: TouchServer64, state: Absent, cached: No, install registration state: Absent, cache registration state: Absent
[0DDC:1EB4][2026-05-11T01:27:05]i101: Detected package: TouchServerARM64, state: Absent, cached: No, install registration state: Absent, cache registration state: Absent
[0DDC:1EB4][2026-05-11T01:27:05]i101: Detected package: FusionInterface64, state: Absent, cached: No, install registration state: Absent, cache registration state: Absent
[0DDC:1EB4][2026-05-11T01:27:05]i101: Detected package: Authorization64, state: Absent, cached: No, install registration state: Absent, cache registration state: Absent
[0DDC:1EB4][2026-05-11T01:27:05]i101: Detected package: UnifiedKeyboard, state: Absent, cached: No, install registration state: Absent, cache registration state: Absent
[0DDC:1EB4][2026-05-11T01:27:05]i101: Detected package: UnifiedKeyboardARM64, state: Absent, cached: No, install registration state: Absent, cache registration state: Absent
[0DDC:1EB4][2026-05-11T01:27:05]i101: Detected package: FSCam64, state: Absent, cached: No, install registration state: Absent, cache registration state: Absent
[0DDC:1EB4][2026-05-11T01:27:05]i101: Detected package: UninstallRDP64, state: Absent, cached: No, install registration state: Absent, cache registration state: Absent
[0DDC:1EB4][2026-05-11T01:27:05]i101: Detected package: RDP64, state: Absent, cached: No, install registration state: Absent, cache registration state: Absent
[0DDC:1EB4][2026-05-11T01:27:05]i101: Detected package: RDPARM64, state: Absent, cached: No, install registration state: Absent, cache registration state: Absent
[0DDC:1EB4][2026-05-11T01:27:05]i101: Detected package: Telemetry64, state: Absent, cached: No, install registration state: Absent, cache registration state: Absent
[0DDC:1EB4][2026-05-11T01:27:05]i101: Detected package: TelemetryARM64, state: Absent, cached: No, install registration state: Absent, cache registration state: Absent
[0DDC:1EB4][2026-05-11T01:27:05]i101: Detected package: VoiceAssistant64, state: Absent, cached: No, install registration state: Absent, cache registration state: Absent
[0DDC:1EB4][2026-05-11T01:27:05]i101: Detected package: VoiceAssistantARM64, state: Absent, cached: No, install registration state: Absent, cache registration state: Absent
[0DDC:1EB4][2026-05-11T01:27:05]i101: Detected package: JAWS64, state: Absent, cached: No, install registration state: Absent, cache registration state: Absent
[0DDC:1EB4][2026-05-11T01:27:05]i101: Detected package: JAWSARM64, state: Absent, cached: No, install registration state: Absent, cache registration state: Absent
[0DDC:1EB4][2026-05-11T01:27:05]i101: Detected package: JAWSLanguage64enu, state: Absent, cached: No, install registration state: Absent, cache registration state: Absent
[0DDC:1EB4][2026-05-11T01:27:05]i101: Detected package: JAWSLanguageARM64enu, state: Absent, cached: No, install registration state: Absent, cache registration state: Absent
[0DDC:1EB4][2026-05-11T01:27:05]i101: Detected package: Xerces64, state: Absent, cached: No, install registration state: Absent, cache registration state: Absent
[0DDC:1EB4][2026-05-11T01:27:05]i101: Detected package: JAWSLanguage64arb, state: Absent, cached: No, install registration state: Absent, cache registration state: Absent
[0DDC:1EB4][2026-05-11T01:27:05]i101: Detected package: JAWSLanguageARM64arb, state: Absent, cached: No, install registration state: Absent, cache registration state: Absent
[0DDC:1EB4][2026-05-11T01:27:05]i101: Detected package: JAWSLanguage64dan, state: Absent, cached: No, install registration state: Absent, cache registration state: Absent
[0DDC:1EB4][2026-05-11T01:27:05]i101: Detected package: JAWSLanguageARM64dan, state: Absent, cached: No, install registration state: Absent, cache registration state: Absent
[0DDC:1EB4][2026-05-11T01:27:05]i101: Detected package: JAWSLanguage64deu, state: Absent, cached: No, install registration state: Absent, cache registration state: Absent
[0DDC:1EB4][2026-05-11T01:27:05]i101: Detected package: JAWSLanguageARM64deu, state: Absent, cached: No, install registration state: Absent, cache registration state: Absent
[0DDC:1EB4][2026-05-11T01:27:05]i101: Detected package: JAWSLanguage64esn, state: Absent, cached: No, install registration state: Absent, cache registration state: Absent
[0DDC:1EB4][2026-05-11T01:27:05]i101: Detected package: JAWSLanguageARM64esn, state: Absent, cached: No, install registration state: Absent, cache registration state: Absent
[0DDC:1EB4][2026-05-11T01:27:05]i101: Detected package: JAWSLanguage64fin, state: Absent, cached: No, install registration state: Absent, cache registration state: Absent
[0DDC:1EB4][2026-05-11T01:27:05]i101: Detected package: JAWSLanguageARM64fin, state: Absent, cached: No, install registration state: Absent, cache registration state: Absent
[0DDC:1EB4][2026-05-11T01:27:05]i101: Detected package: JAWSLanguage64fra, state: Absent, cached: No, install registration state: Absent, cache registration state: Absent
[0DDC:1EB4][2026-05-11T01:27:05]i101: Detected package: JAWSLanguageARM64fra, state: Absent, cached: No, install registration state: Absent, cache registration state: Absent
[0DDC:1EB4][2026-05-11T01:27:05]i101: Detected package: JAWSLanguage64frc, state: Absent, cached: No, install registration state: Absent, cache registration state: Absent
[0DDC:1EB4][2026-05-11T01:27:05]i101: Detected package: JAWSLanguageARM64frc, state: Absent, cached: No, install registration state: Absent, cache registration state: Absent
[0DDC:1EB4][2026-05-11T01:27:05]i101: Detected package: JAWSLanguage64heb, state: Absent, cached: No, install registration state: Absent, cache registration state: Absent
[0DDC:1EB4][2026-05-11T01:27:05]i101: Detected package: JAWSLanguageARM64heb, state: Absent, cached: No, install registration state: Absent, cache registration state: Absent
[0DDC:1EB4][2026-05-11T01:27:05]i101: Detected package: JAWSLanguage64hun, state: Absent, cached: No, install registration state: Absent, cache registration state: Absent
[0DDC:1EB4][2026-05-11T01:27:05]i101: Detected package: JAWSLanguageARM64hun, state: Absent, cached: No, install registration state: Absent, cache registration state: Absent
[0DDC:1EB4][2026-05-11T01:27:05]i101: Detected package: JAWSLanguage64ita, state: Absent, cached: No, install registration state: Absent, cache registration state: Absent
[0DDC:1EB4][2026-05-11T01:27:05]i101: Detected package: JAWSLanguageARM64ita, state: Absent, cached: No, install registration state: Absent, cache registration state: Absent
[0DDC:1EB4][2026-05-11T01:27:05]i101: Detected package: JAWSLanguage64kkz, state: Absent, cached: No, install registration state: Absent, cache registration state: Absent
[0DDC:1EB4][2026-05-11T01:27:05]i101: Detected package: JAWSLanguageARM64kkz, state: Absent, cached: No, install registration state: Absent, cache registration state: Absent
[0DDC:1EB4][2026-05-11T01:27:05]i101: Detected package: JAWSLanguage64nlb, state: Absent, cached: No, install registration state: Absent, cache registration state: Absent
[0DDC:1EB4][2026-05-11T01:27:05]i101: Detected package: JAWSLanguageARM64nlb, state: Absent, cached: No, install registration state: Absent, cache registration state: Absent
[0DDC:1EB4][2026-05-11T01:27:05]i101: Detected package: JAWSLanguage64nld, state: Absent, cached: No, install registration state: Absent, cache registration state: Absent
[0DDC:1EB4][2026-05-11T01:27:05]i101: Detected package: JAWSLanguageARM64nld, state: Absent, cached: No, install registration state: Absent, cache registration state: Absent
[0DDC:1EB4][2026-05-11T01:27:05]i101: Detected package: JAWSLanguage64nor, state: Absent, cached: No, install registration state: Absent, cache registration state: Absent
[0DDC:1EB4][2026-05-11T01:27:05]i101: Detected package: JAWSLanguageARM64nor, state: Absent, cached: No, install registration state: Absent, cache registration state: Absent
[0DDC:1EB4][2026-05-11T01:27:05]i101: Detected package: JAWSLanguage64ptb, state: Absent, cached: No, install registration state: Absent, cache registration state: Absent
[0DDC:1EB4][2026-05-11T01:27:05]i101: Detected package: JAWSLanguageARM64ptb, state: Absent, cached: No, install registration state: Absent, cache registration state: Absent
[0DDC:1EB4][2026-05-11T01:27:05]i101: Detected package: JAWSLanguage64rus, state: Absent, cached: No, install registration state: Absent, cache registration state: Absent
[0DDC:1EB4][2026-05-11T01:27:05]i101: Detected package: JAWSLanguageARM64rus, state: Absent, cached: No, install registration state: Absent, cache registration state: Absent
[0DDC:1EB4][2026-05-11T01:27:05]i101: Detected package: JAWSLanguage64sky, state: Absent, cached: No, install registration state: Absent, cache registration state: Absent
[0DDC:1EB4][2026-05-11T01:27:05]i101: Detected package: JAWSLanguageARM64sky, state: Absent, cached: No, install registration state: Absent, cache registration state: Absent
[0DDC:1EB4][2026-05-11T01:27:05]i101: Detected package: JAWSLanguage64sve, state: Absent, cached: No, install registration state: Absent, cache registration state: Absent
[0DDC:1EB4][2026-05-11T01:27:05]i101: Detected package: JAWSLanguageARM64sve, state: Absent, cached: No, install registration state: Absent, cache registration state: Absent
[0DDC:1EB4][2026-05-11T01:27:05]i101: Detected package: JAWSLanguage64trk, state: Absent, cached: No, install registration state: Absent, cache registration state: Absent
[0DDC:1EB4][2026-05-11T01:27:05]i101: Detected package: JAWSLanguageARM64trk, state: Absent, cached: No, install registration state: Absent, cache registration state: Absent
[0DDC:1EB4][2026-05-11T01:27:05]i101: Detected package: JAWSLanguage64ukr, state: Absent, cached: No, install registration state: Absent, cache registration state: Absent
[0DDC:1EB4][2026-05-11T01:27:05]i101: Detected package: JAWSLanguageARM64ukr, state: Absent, cached: No, install registration state: Absent, cache registration state: Absent
[0DDC:1EB4][2026-05-11T01:27:05]i101: Detected package: JAWSStart64arb, state: Absent, cached: No, install registration state: Absent, cache registration state: Absent
[0DDC:1EB4][2026-05-11T01:27:05]i101: Detected package: JAWSStartARM64arb, state: Absent, cached: No, install registration state: Absent, cache registration state: Absent
[0DDC:1EB4][2026-05-11T01:27:05]i101: Detected package: JAWSStart64deu, state: Absent, cached: No, install registration state: Absent, cache registration state: Absent
[0DDC:1EB4][2026-05-11T01:27:05]i101: Detected package: JAWSStartARM64deu, state: Absent, cached: No, install registration state: Absent, cache registration state: Absent
[0DDC:1EB4][2026-05-11T01:27:05]i101: Detected package: JAWSStart64dan, state: Absent, cached: No, install registration state: Absent, cache registration state: Absent
[0DDC:1EB4][2026-05-11T01:27:05]i101: Detected package: JAWSStartARM64dan, state: Absent, cached: No, install registration state: Absent, cache registration state: Absent
[0DDC:1EB4][2026-05-11T01:27:05]i101: Detected package: JAWSStart64enu, state: Absent, cached: No, install registration state: Absent, cache registration state: Absent
[0DDC:1EB4][2026-05-11T01:27:05]i101: Detected package: JAWSStartARM64enu, state: Absent, cached: No, install registration state: Absent, cache registration state: Absent
[0DDC:1EB4][2026-05-11T01:27:05]i101: Detected package: JAWSStart64esn, state: Absent, cached: No, install registration state: Absent, cache registration state: Absent
[0DDC:1EB4][2026-05-11T01:27:05]i101: Detected package: JAWSStartARM64esn, state: Absent, cached: No, install registration state: Absent, cache registration state: Absent
[0DDC:1EB4][2026-05-11T01:27:05]i101: Detected package: JAWSStart64fin, state: Absent, cached: No, install registration state: Absent, cache registration state: Absent
[0DDC:1EB4][2026-05-11T01:27:05]i101: Detected package: JAWSStartARM64fin, state: Absent, cached: No, install registration state: Absent, cache registration state: Absent
[0DDC:1EB4][2026-05-11T01:27:05]i101: Detected package: JAWSStart64fra, state: Absent, cached: No, install registration state: Absent, cache registration state: Absent
[0DDC:1EB4][2026-05-11T01:27:05]i101: Detected package: JAWSStartARM64fra, state: Absent, cached: No, install registration state: Absent, cache registration state: Absent
[0DDC:1EB4][2026-05-11T01:27:05]i101: Detected package: JAWSStart64frc, state: Absent, cached: No, install registration state: Absent, cache registration state: Absent
[0DDC:1EB4][2026-05-11T01:27:05]i101: Detected package: JAWSStartARM64frc, state: Absent, cached: No, install registration state: Absent, cache registration state: Absent
[0DDC:1EB4][2026-05-11T01:27:05]i101: Detected package: JAWSStart64heb, state: Absent, cached: No, install registration state: Absent, cache registration state: Absent
[0DDC:1EB4][2026-05-11T01:27:05]i101: Detected package: JAWSStartARM64heb, state: Absent, cached: No, install registration state: Absent, cache registration state: Absent
[0DDC:1EB4][2026-05-11T01:27:05]i101: Detected package: JAWSStart64hun, state: Absent, cached: No, install registration state: Absent, cache registration state: Absent
[0DDC:1EB4][2026-05-11T01:27:05]i101: Detected package: JAWSStartARM64hun, state: Absent, cached: No, install registration state: Absent, cache registration state: Absent
[0DDC:1EB4][2026-05-11T01:27:05]i101: Detected package: JAWSStart64ita, state: Absent, cached: No, install registration state: Absent, cache registration state: Absent
[0DDC:1EB4][2026-05-11T01:27:05]i101: Detected package: JAWSStartARM64ita, state: Absent, cached: No, install registration state: Absent, cache registration state: Absent
[0DDC:1EB4][2026-05-11T01:27:05]i101: Detected package: JAWSStart64kkz, state: Absent, cached: No, install registration state: Absent, cache registration state: Absent
[0DDC:1EB4][2026-05-11T01:27:05]i101: Detected package: JAWSStartARM64kkz, state: Absent, cached: No, install registration state: Absent, cache registration state: Absent
[0DDC:1EB4][2026-05-11T01:27:05]i101: Detected package: JAWSStart64nlb, state: Absent, cached: No, install registration state: Absent, cache registration state: Absent
[0DDC:1EB4][2026-05-11T01:27:05]i101: Detected package: JAWSStartARM64nlb, state: Absent, cached: No, install registration state: Absent, cache registration state: Absent
[0DDC:1EB4][2026-05-11T01:27:05]i101: Detected package: JAWSStart64nld, state: Absent, cached: No, install registration state: Absent, cache registration state: Absent
[0DDC:1EB4][2026-05-11T01:27:05]i101: Detected package: JAWSStartARM64nld, state: Absent, cached: No, install registration state: Absent, cache registration state: Absent
[0DDC:1EB4][2026-05-11T01:27:05]i101: Detected package: JAWSStart64nor, state: Absent, cached: No, install registration state: Absent, cache registration state: Absent
[0DDC:1EB4][2026-05-11T01:27:05]i101: Detected package: JAWSStartARM64nor, state: Absent, cached: No, install registration state: Absent, cache registration state: Absent
[0DDC:1EB4][2026-05-11T01:27:05]i101: Detected package: JAWSStart64ptb, state: Absent, cached: No, install registration state: Absent, cache registration state: Absent
[0DDC:1EB4][2026-05-11T01:27:05]i101: Detected package: JAWSStartARM64ptb, state: Absent, cached: No, install registration state: Absent, cache registration state: Absent
[0DDC:1EB4][2026-05-11T01:27:05]i101: Detected package: JAWSStart64rus, state: Absent, cached: No, install registration state: Absent, cache registration state: Absent
[0DDC:1EB4][2026-05-11T01:27:05]i101: Detected package: JAWSStartARM64rus, state: Absent, cached: No, install registration state: Absent, cache registration state: Absent
[0DDC:1EB4][2026-05-11T01:27:05]i101: Detected package: JAWSStart64sky, state: Absent, cached: No, install registration state: Absent, cache registration state: Absent
[0DDC:1EB4][2026-05-11T01:27:05]i101: Detected package: JAWSStartARM64sky, state: Absent, cached: No, install registration state: Absent, cache registration state: Absent
[0DDC:1EB4][2026-05-11T01:27:05]i101: Detected package: JAWSStart64sve, state: Absent, cached: No, install registration state: Absent, cache registration state: Absent
[0DDC:1EB4][2026-05-11T01:27:05]i101: Detected package: JAWSStartARM64sve, state: Absent, cached: No, install registration state: Absent, cache registration state: Absent
[0DDC:1EB4][2026-05-11T01:27:05]i101: Detected package: JAWSStart64trk, state: Absent, cached: No, install registration state: Absent, cache registration state: Absent
[0DDC:1EB4][2026-05-11T01:27:05]i101: Detected package: JAWSStartARM64trk, state: Absent, cached: No, install registration state: Absent, cache registration state: Absent
[0DDC:1EB4][2026-05-11T01:27:05]i101: Detected package: JAWSStart64ukr, state: Absent, cached: No, install registration state: Absent, cache registration state: Absent
[0DDC:1EB4][2026-05-11T01:27:05]i101: Detected package: JAWSStartARM64ukr, state: Absent, cached: No, install registration state: Absent, cache registration state: Absent
[0DDC:1EB4][2026-05-11T01:27:05]i101: Detected package: PostInstall, state: Absent, cached: No, install registration state: Absent, cache registration state: Absent
[0DDC:1EB4][2026-05-11T01:27:05]i101: Detected package: PostInstallARM64, state: Absent, cached: No, install registration state: Absent, cache registration state: Absent
[0DDC:1C6C][2026-05-11T01:27:05]e000: SetupApp: Failed to find product Registry key to get saved installer ui language. Key: SOFTWARE\Freedom Scientific\JAWS\2026, RegOpenKeyExW result: 2
[0DDC:1C6C][2026-05-11T01:27:05]e000: SetupApp: Failed to retrieve the JAWS installer ui language., 0x8A280A37
[0DDC:1C6C][2026-05-11T01:27:05]e000: SetupApp: Failed to retrieve saved installer ui language. Ignoring error and continuing., 0x8A280A37
[0DDC:1C6C][2026-05-11T01:27:05]i000: SetupApp: No ILM Authorization code or product to store, continuing.
[0DDC:1C6C][2026-05-11T01:27:05]i000: Setting numeric variable 'RemoveUserSettings' to value 0
[0DDC:1C6C][2026-05-11T01:27:05]i000: SetupApp: The value of the DefinedSetupLanguages burn variable is ''
[0DDC:1C6C][2026-05-11T01:27:05]i000: Setting formatted variable 'JAWS64_SETUP_LANGUAGES' to value 'enu'
[0DDC:1C6C][2026-05-11T01:27:05]i000: Setting formatted variable 'PostInstallProductLanguages' to value 'enu'
[0DDC:1C6C][2026-05-11T01:27:05]i000: Setting formatted variable 'JAWSLanguage64enu_PRIMARY_LANGUAGE' to value '1'
[0DDC:1C6C][2026-05-11T01:27:05]i000: Setting formatted variable 'JAWSLanguageARM64enu_PRIMARY_LANGUAGE' to value '1'
[0DDC:1C6C][2026-05-11T01:27:05]i000: Setting formatted variable 'JAWSLanguage64arb_PRIMARY_LANGUAGE' to value '0'
[0DDC:1C6C][2026-05-11T01:27:05]i000: Setting formatted variable 'JAWSLanguageARM64arb_PRIMARY_LANGUAGE' to value '0'
[0DDC:1C6C][2026-05-11T01:27:05]i000: Setting formatted variable 'JAWSLanguage64dan_PRIMARY_LANGUAGE' to value '0'
[0DDC:1C6C][2026-05-11T01:27:05]i000: Setting formatted variable 'JAWSLanguageARM64dan_PRIMARY_LANGUAGE' to value '0'
[0DDC:1C6C][2026-05-11T01:27:05]i000: Setting formatted variable 'JAWSLanguage64deu_PRIMARY_LANGUAGE' to value '0'
[0DDC:1C6C][2026-05-11T01:27:05]i000: Setting formatted variable 'JAWSLanguageARM64deu_PRIMARY_LANGUAGE' to value '0'
[0DDC:1C6C][2026-05-11T01:27:05]i000: Setting formatted variable 'JAWSLanguage64esn_PRIMARY_LANGUAGE' to value '0'
[0DDC:1C6C][2026-05-11T01:27:05]i000: Setting formatted variable 'JAWSLanguageARM64esn_PRIMARY_LANGUAGE' to value '0'
[0DDC:1C6C][2026-05-11T01:27:05]i000: Setting formatted variable 'JAWSLanguage64fin_PRIMARY_LANGUAGE' to value '0'
[0DDC:1C6C][2026-05-11T01:27:05]i000: Setting formatted variable 'JAWSLanguageARM64fin_PRIMARY_LANGUAGE' to value '0'
[0DDC:1C6C][2026-05-11T01:27:05]i000: Setting formatted variable 'JAWSLanguage64fra_PRIMARY_LANGUAGE' to value '0'
[0DDC:1C6C][2026-05-11T01:27:05]i000: Setting formatted variable 'JAWSLanguageARM64fra_PRIMARY_LANGUAGE' to value '0'
[0DDC:1C6C][2026-05-11T01:27:05]i000: Setting formatted variable 'JAWSLanguage64frc_PRIMARY_LANGUAGE' to value '0'
[0DDC:1C6C][2026-05-11T01:27:05]i000: Setting formatted variable 'JAWSLanguageARM64frc_PRIMARY_LANGUAGE' to value '0'
[0DDC:1C6C][2026-05-11T01:27:05]i000: Setting formatted variable 'JAWSLanguage64heb_PRIMARY_LANGUAGE' to value '0'
[0DDC:1C6C][2026-05-11T01:27:05]i000: Setting formatted variable 'JAWSLanguageARM64heb_PRIMARY_LANGUAGE' to value '0'
[0DDC:1C6C][2026-05-11T01:27:05]i000: Setting formatted variable 'JAWSLanguage64hun_PRIMARY_LANGUAGE' to value '0'
[0DDC:1C6C][2026-05-11T01:27:05]i000: Setting formatted variable 'JAWSLanguageARM64hun_PRIMARY_LANGUAGE' to value '0'
[0DDC:1C6C][2026-05-11T01:27:05]i000: Setting formatted variable 'JAWSLanguage64ita_PRIMARY_LANGUAGE' to value '0'
[0DDC:1C6C][2026-05-11T01:27:05]i000: Setting formatted variable 'JAWSLanguageARM64ita_PRIMARY_LANGUAGE' to value '0'
[0DDC:1C6C][2026-05-11T01:27:05]i000: Setting formatted variable 'JAWSLanguage64kkz_PRIMARY_LANGUAGE' to value '0'
[0DDC:1C6C][2026-05-11T01:27:05]i000: Setting formatted variable 'JAWSLanguageARM64kkz_PRIMARY_LANGUAGE' to value '0'
[0DDC:1C6C][2026-05-11T01:27:05]i000: Setting formatted variable 'JAWSLanguage64nlb_PRIMARY_LANGUAGE' to value '0'
[0DDC:1C6C][2026-05-11T01:27:05]i000: Setting formatted variable 'JAWSLanguageARM64nlb_PRIMARY_LANGUAGE' to value '0'
[0DDC:1C6C][2026-05-11T01:27:05]i000: Setting formatted variable 'JAWSLanguage64nld_PRIMARY_LANGUAGE' to value '0'
[0DDC:1C6C][2026-05-11T01:27:05]i000: Setting formatted variable 'JAWSLanguageARM64nld_PRIMARY_LANGUAGE' to value '0'
[0DDC:1C6C][2026-05-11T01:27:05]i000: Setting formatted variable 'JAWSLanguage64nor_PRIMARY_LANGUAGE' to value '0'
[0DDC:1C6C][2026-05-11T01:27:05]i000: Setting formatted variable 'JAWSLanguageARM64nor_PRIMARY_LANGUAGE' to value '0'
[0DDC:1C6C][2026-05-11T01:27:05]i000: Setting formatted variable 'JAWSLanguage64ptb_PRIMARY_LANGUAGE' to value '0'
[0DDC:1C6C][2026-05-11T01:27:05]i000: Setting formatted variable 'JAWSLanguageARM64ptb_PRIMARY_LANGUAGE' to value '0'
[0DDC:1C6C][2026-05-11T01:27:05]i000: Setting formatted variable 'JAWSLanguage64rus_PRIMARY_LANGUAGE' to value '0'
[0DDC:1C6C][2026-05-11T01:27:05]i000: Setting formatted variable 'JAWSLanguageARM64rus_PRIMARY_LANGUAGE' to value '0'
[0DDC:1C6C][2026-05-11T01:27:05]i000: Setting formatted variable 'JAWSLanguage64sky_PRIMARY_LANGUAGE' to value '0'
[0DDC:1C6C][2026-05-11T01:27:05]i000: Setting formatted variable 'JAWSLanguageARM64sky_PRIMARY_LANGUAGE' to value '0'
[0DDC:1C6C][2026-05-11T01:27:05]i000: Setting formatted variable 'JAWSLanguage64sve_PRIMARY_LANGUAGE' to value '0'
[0DDC:1C6C][2026-05-11T01:27:05]i000: Setting formatted variable 'JAWSLanguageARM64sve_PRIMARY_LANGUAGE' to value '0'
[0DDC:1C6C][2026-05-11T01:27:05]i000: Setting formatted variable 'JAWSLanguage64trk_PRIMARY_LANGUAGE' to value '0'
[0DDC:1C6C][2026-05-11T01:27:05]i000: Setting formatted variable 'JAWSLanguageARM64trk_PRIMARY_LANGUAGE' to value '0'
[0DDC:1C6C][2026-05-11T01:27:05]i000: Setting formatted variable 'JAWSLanguage64ukr_PRIMARY_LANGUAGE' to value '0'
[0DDC:1C6C][2026-05-11T01:27:05]i000: Setting formatted variable 'JAWSLanguageARM64ukr_PRIMARY_LANGUAGE' to value '0'
[0DDC:1C6C][2026-05-11T01:27:05]i000: SetupApp: Modified JAWS Start component requested state based on primary language. ComponentId: JAWSStart64arb, Requested: false, PrimaryLangauge: enu
[0DDC:1C6C][2026-05-11T01:27:05]i000: SetupApp: Modified JAWS Start component requested state based on primary language. ComponentId: JAWSStartARM64arb, Requested: false, PrimaryLangauge: enu
[0DDC:1C6C][2026-05-11T01:27:05]i000: SetupApp: Modified JAWS Start component requested state based on primary language. ComponentId: JAWSStart64deu, Requested: false, PrimaryLangauge: enu
[0DDC:1C6C][2026-05-11T01:27:05]i000: SetupApp: Modified JAWS Start component requested state based on primary language. ComponentId: JAWSStartARM64deu, Requested: false, PrimaryLangauge: enu
[0DDC:1C6C][2026-05-11T01:27:05]i000: SetupApp: Modified JAWS Start component requested state based on primary language. ComponentId: JAWSStart64dan, Requested: false, PrimaryLangauge: enu
[0DDC:1C6C][2026-05-11T01:27:05]i000: SetupApp: Modified JAWS Start component requested state based on primary language. ComponentId: JAWSStartARM64dan, Requested: false, PrimaryLangauge: enu
[0DDC:1C6C][2026-05-11T01:27:05]i000: SetupApp: Modified JAWS Start component requested state based on primary language. ComponentId: JAWSStart64enu, Requested: true, PrimaryLangauge: enu
[0DDC:1C6C][2026-05-11T01:27:05]i000: SetupApp: Modified JAWS Start component requested state based on primary language. ComponentId: JAWSStartARM64enu, Requested: true, PrimaryLangauge: enu
[0DDC:1C6C][2026-05-11T01:27:05]i000: SetupApp: Modified JAWS Start component requested state based on primary language. ComponentId: JAWSStart64esn, Requested: false, PrimaryLangauge: enu
[0DDC:1C6C][2026-05-11T01:27:05]i000: SetupApp: Modified JAWS Start component requested state based on primary language. ComponentId: JAWSStartARM64esn, Requested: false, PrimaryLangauge: enu
[0DDC:1C6C][2026-05-11T01:27:05]i000: SetupApp: Modified JAWS Start component requested state based on primary language. ComponentId: JAWSStart64fin, Requested: false, PrimaryLangauge: enu
[0DDC:1C6C][2026-05-11T01:27:05]i000: SetupApp: Modified JAWS Start component requested state based on primary language. ComponentId: JAWSStartARM64fin, Requested: false, PrimaryLangauge: enu
[0DDC:1C6C][2026-05-11T01:27:05]i000: SetupApp: Modified JAWS Start component requested state based on primary language. ComponentId: JAWSStart64fra, Requested: false, PrimaryLangauge: enu
[0DDC:1C6C][2026-05-11T01:27:05]i000: SetupApp: Modified JAWS Start component requested state based on primary language. ComponentId: JAWSStartARM64fra, Requested: false, PrimaryLangauge: enu
[0DDC:1C6C][2026-05-11T01:27:05]i000: SetupApp: Modified JAWS Start component requested state based on primary language. ComponentId: JAWSStart64frc, Requested: false, PrimaryLangauge: enu
[0DDC:1C6C][2026-05-11T01:27:05]i000: SetupApp: Modified JAWS Start component requested state based on primary language. ComponentId: JAWSStartARM64frc, Requested: false, PrimaryLangauge: enu
[0DDC:1C6C][2026-05-11T01:27:05]i000: SetupApp: Modified JAWS Start component requested state based on primary language. ComponentId: JAWSStart64heb, Requested: false, PrimaryLangauge: enu
[0DDC:1C6C][2026-05-11T01:27:05]i000: SetupApp: Modified JAWS Start component requested state based on primary language. ComponentId: JAWSStartARM64heb, Requested: false, PrimaryLangauge: enu
[0DDC:1C6C][2026-05-11T01:27:05]i000: SetupApp: Modified JAWS Start component requested state based on primary language. ComponentId: JAWSStart64hun, Requested: false, PrimaryLangauge: enu
[0DDC:1C6C][2026-05-11T01:27:05]i000: SetupApp: Modified JAWS Start component requested state based on primary language. ComponentId: JAWSStartARM64hun, Requested: false, PrimaryLangauge: enu
[0DDC:1C6C][2026-05-11T01:27:05]i000: SetupApp: Modified JAWS Start component requested state based on primary language. ComponentId: JAWSStart64ita, Requested: false, PrimaryLangauge: enu
[0DDC:1C6C][2026-05-11T01:27:05]i000: SetupApp: Modified JAWS Start component requested state based on primary language. ComponentId: JAWSStartARM64ita, Requested: false, PrimaryLangauge: enu
[0DDC:1C6C][2026-05-11T01:27:05]i000: SetupApp: Modified JAWS Start component requested state based on primary language. ComponentId: JAWSStart64kkz, Requested: false, PrimaryLangauge: enu
[0DDC:1C6C][2026-05-11T01:27:05]i000: SetupApp: Modified JAWS Start component requested state based on primary language. ComponentId: JAWSStartARM64kkz, Requested: false, PrimaryLangauge: enu
[0DDC:1C6C][2026-05-11T01:27:05]i000: SetupApp: Modified JAWS Start component requested state based on primary language. ComponentId: JAWSStart64nlb, Requested: false, PrimaryLangauge: enu
[0DDC:1C6C][2026-05-11T01:27:05]i000: SetupApp: Modified JAWS Start component requested state based on primary language. ComponentId: JAWSStartARM64nlb, Requested: false, PrimaryLangauge: enu
[0DDC:1C6C][2026-05-11T01:27:05]i000: SetupApp: Modified JAWS Start component requested state based on primary language. ComponentId: JAWSStart64nld, Requested: false, PrimaryLangauge: enu
[0DDC:1C6C][2026-05-11T01:27:05]i000: SetupApp: Modified JAWS Start component requested state based on primary language. ComponentId: JAWSStartARM64nld, Requested: false, PrimaryLangauge: enu
[0DDC:1C6C][2026-05-11T01:27:05]i000: SetupApp: Modified JAWS Start component requested state based on primary language. ComponentId: JAWSStart64nor, Requested: false, PrimaryLangauge: enu
[0DDC:1C6C][2026-05-11T01:27:05]i000: SetupApp: Modified JAWS Start component requested state based on primary language. ComponentId: JAWSStartARM64nor, Requested: false, PrimaryLangauge: enu
[0DDC:1C6C][2026-05-11T01:27:05]i000: SetupApp: Modified JAWS Start component requested state based on primary language. ComponentId: JAWSStart64ptb, Requested: false, PrimaryLangauge: enu
[0DDC:1C6C][2026-05-11T01:27:05]i000: SetupApp: Modified JAWS Start component requested state based on primary language. ComponentId: JAWSStartARM64ptb, Requested: false, PrimaryLangauge: enu
[0DDC:1C6C][2026-05-11T01:27:05]i000: SetupApp: Modified JAWS Start component requested state based on primary language. ComponentId: JAWSStart64rus, Requested: false, PrimaryLangauge: enu
[0DDC:1C6C][2026-05-11T01:27:05]i000: SetupApp: Modified JAWS Start component requested state based on primary language. ComponentId: JAWSStartARM64rus, Requested: false, PrimaryLangauge: enu
[0DDC:1C6C][2026-05-11T01:27:05]i000: SetupApp: Modified JAWS Start component requested state based on primary language. ComponentId: JAWSStart64sky, Requested: false, PrimaryLangauge: enu
[0DDC:1C6C][2026-05-11T01:27:05]i000: SetupApp: Modified JAWS Start component requested state based on primary language. ComponentId: JAWSStartARM64sky, Requested: false, PrimaryLangauge: enu
[0DDC:1C6C][2026-05-11T01:27:05]i000: SetupApp: Modified JAWS Start component requested state based on primary language. ComponentId: JAWSStart64sve, Requested: false, PrimaryLangauge: enu
[0DDC:1C6C][2026-05-11T01:27:05]i000: SetupApp: Modified JAWS Start component requested state based on primary language. ComponentId: JAWSStartARM64sve, Requested: false, PrimaryLangauge: enu
[0DDC:1C6C][2026-05-11T01:27:05]i000: SetupApp: Modified JAWS Start component requested state based on primary language. ComponentId: JAWSStart64trk, Requested: false, PrimaryLangauge: enu
[0DDC:1C6C][2026-05-11T01:27:05]i000: SetupApp: Modified JAWS Start component requested state based on primary language. ComponentId: JAWSStartARM64trk, Requested: false, PrimaryLangauge: enu
[0DDC:1C6C][2026-05-11T01:27:05]i000: SetupApp: Modified JAWS Start component requested state based on primary language. ComponentId: JAWSStart64ukr, Requested: false, PrimaryLangauge: enu
[0DDC:1C6C][2026-05-11T01:27:05]i000: SetupApp: Modified JAWS Start component requested state based on primary language. ComponentId: JAWSStartARM64ukr, Requested: false, PrimaryLangauge: enu
[0DDC:1EB4][2026-05-11T01:27:05]i199: Detect complete, result: 0x0, registration state: None, cached: No, eligible for cleanup: No
[0DDC:1EB4][2026-05-11T01:27:05]i200: Plan begin, 159 packages, action: Install
[0DDC:1C6C][2026-05-11T01:27:05]i052: Condition 'DetectedSystemPlatform ~= "x64"' evaluates to true.
[0DDC:1C6C][2026-05-11T01:27:05]i052: Condition 'DetectedSystemPlatform ~= "arm64"' evaluates to false.
[0DDC:1C6C][2026-05-11T01:27:05]i000: SetupApp: Skipping component based on failed RunCondition: vcredist2022_ARM64
[0DDC:1C6C][2026-05-11T01:27:05]i052: Condition 'DetectedSystemPlatform ~= "x64" OR DetectedSystemPlatform ~= "arm64"' evaluates to true.
[0DDC:1C6C][2026-05-11T01:27:05]i052: Condition 'DetectedSystemPlatform ~= "arm64"' evaluates to false.
[0DDC:1C6C][2026-05-11T01:27:05]i000: SetupApp: Skipping component based on failed RunCondition: MicrosoftDotNet8DesktopRuntimeARM64
[0DDC:1C6C][2026-05-11T01:27:05]i052: Condition 'NOT VersionNT64' evaluates to false.
[0DDC:1C6C][2026-05-11T01:27:05]i000: SetupApp: Skipping component based on failed RunCondition: MicrosoftEdgeWebView2Runtimex86
[0DDC:1C6C][2026-05-11T01:27:05]i052: Condition 'VersionNT64' evaluates to true.
[0DDC:1C6C][2026-05-11T01:27:05]i052: Condition 'DetectedSystemPlatform ~= "x64" AND SearchedWindowsBuildVer >= MinimumBuildVer AND VideoAccessibilityInstalledState64=2' evaluates to true.
[0DDC:1C6C][2026-05-11T01:27:05]i052: Condition 'DetectedSystemPlatform ~= "x64" AND DetectedIsWin11OrGreater = 0' evaluates to false.
[0DDC:1C6C][2026-05-11T01:27:05]i000: SetupApp: Skipping component based on failed RunCondition: VideoAccessibility64
[0DDC:1C6C][2026-05-11T01:27:05]i000: SetupApp: Skipping component based on setup languages. ComponentId: OnniCompact
[0DDC:1C6C][2026-05-11T01:27:05]i000: SetupApp: Skipping component based on setup languages. ComponentId: HenrikCompact
[0DDC:1C6C][2026-05-11T01:27:05]i000: SetupApp: Skipping component based on setup languages. ComponentId: ClaireCompact
[0DDC:1C6C][2026-05-11T01:27:05]i000: SetupApp: Skipping component based on setup languages. ComponentId: EllenCompact
[0DDC:1C6C][2026-05-11T01:27:05]i000: SetupApp: Skipping component based on setup languages. ComponentId: CarmitCompact
[0DDC:1C6C][2026-05-11T01:27:05]i000: SetupApp: Skipping component based on setup languages. ComponentId: MariskaCompact
[0DDC:1C6C][2026-05-11T01:27:05]i000: SetupApp: Skipping component based on setup languages. ComponentId: SamanthaCompact
[0DDC:1C6C][2026-05-11T01:27:05]i000: SetupApp: Skipping component based on setup languages. ComponentId: LailaCompact
[0DDC:1C6C][2026-05-11T01:27:05]i000: SetupApp: Skipping component based on setup languages. ComponentId: MilenaCompact
[0DDC:1C6C][2026-05-11T01:27:05]i000: SetupApp: Skipping component based on setup languages. ComponentId: SaraCompact
[0DDC:1C6C][2026-05-11T01:27:05]i000: SetupApp: Skipping component based on setup languages. ComponentId: LauraCompact
[0DDC:1C6C][2026-05-11T01:27:05]i000: SetupApp: Skipping component based on setup languages. ComponentId: OskarCompact
[0DDC:1C6C][2026-05-11T01:27:05]i000: SetupApp: Skipping component based on setup languages. ComponentId: YeldaCompact
[0DDC:1C6C][2026-05-11T01:27:05]i052: Condition 'DetectedSystemPlatform ~= "x64"' evaluates to true.
[0DDC:1C6C][2026-05-11T01:27:05]i052: Condition 'DetectedSystemPlatform ~= "arm64"' evaluates to false.
[0DDC:1C6C][2026-05-11T01:27:05]i000: SetupApp: Skipping component based on failed RunCondition: UtilitiesARM64
[0DDC:1EB4][2026-05-11T01:27:05]i052: Condition 'false' evaluates to false.
[0DDC:1C6C][2026-05-11T01:27:05]i052: Condition 'DetectedSystemPlatform ~= "x86" OR DetectedSystemPlatform ~= "x64"' evaluates to true.
[0DDC:1EB4][2026-05-11T01:27:05]i052: Condition 'false' evaluates to false.
[0DDC:1C6C][2026-05-11T01:27:05]i052: Condition 'DetectedSystemPlatform ~= "x86" OR DetectedSystemPlatform ~= "x64"' evaluates to true.
[0DDC:1C6C][2026-05-11T01:27:05]i052: Condition 'DetectedSystemPlatform ~= "x86" OR DetectedSystemPlatform ~= "x64"' evaluates to true.
[0DDC:1C6C][2026-05-11T01:27:05]i052: Condition 'VersionNT >= v6.0 AND DetectedSystemPlatform ~= "x64"' evaluates to true.
[0DDC:1C6C][2026-05-11T01:27:05]i052: Condition 'VersionNT >= v6.0 AND DetectedSystemPlatform ~= "arm64"' evaluates to false.
[0DDC:1C6C][2026-05-11T01:27:05]i000: SetupApp: Skipping component based on failed RunCondition: FsElevationARM64
[0DDC:1C6C][2026-05-11T01:27:05]i052: Condition 'DetectedSystemPlatform ~= "x64"' evaluates to true.
[0DDC:1C6C][2026-05-11T01:27:05]i000: SetupApp: Skipping non-requested component: FsTxtSvc64
[0DDC:1C6C][2026-05-11T01:27:05]i052: Condition 'DetectedSystemPlatform ~= "arm64"' evaluates to false.
[0DDC:1C6C][2026-05-11T01:27:05]i000: SetupApp: Skipping component based on failed RunCondition: FsTxtSvcARM64
[0DDC:1C6C][2026-05-11T01:27:05]i052: Condition 'DetectedSystemPlatform ~= "x64"' evaluates to true.
[0DDC:1C6C][2026-05-11T01:27:05]i052: Condition 'DetectedSystemPlatform ~= "arm64"' evaluates to false.
[0DDC:1C6C][2026-05-11T01:27:05]i000: SetupApp: Skipping component based on failed RunCondition: fsSynthARM64
[0DDC:1C6C][2026-05-11T01:27:05]i052: Condition 'DetectedSystemPlatform ~= "x64"' evaluates to true.
[0DDC:1C6C][2026-05-11T01:27:05]i052: Condition 'DetectedSystemPlatform ~= "arm64"' evaluates to false.
[0DDC:1C6C][2026-05-11T01:27:05]i000: SetupApp: Skipping component based on failed RunCondition: UIAHooksARM64
[0DDC:1C6C][2026-05-11T01:27:05]i052: Condition 'DetectedSystemPlatform ~= "x64"' evaluates to true.
[0DDC:1C6C][2026-05-11T01:27:05]i052: Condition 'DetectedSystemPlatform ~= "arm64"' evaluates to false.
[0DDC:1C6C][2026-05-11T01:27:05]i000: SetupApp: Skipping component based on failed RunCondition: HookManagerARM64
[0DDC:1C6C][2026-05-11T01:27:05]i052: Condition 'DetectedSystemPlatform ~= "x64"' evaluates to true.
[0DDC:1C6C][2026-05-11T01:27:05]i052: Condition 'DetectedSystemPlatform ~= "arm64"' evaluates to false.
[0DDC:1C6C][2026-05-11T01:27:05]i000: SetupApp: Skipping component based on failed RunCondition: AccEventCacheARM64
[0DDC:1C6C][2026-05-11T01:27:05]i052: Condition 'DetectedSystemPlatform ~= "x64"' evaluates to true.
[0DDC:1C6C][2026-05-11T01:27:05]i052: Condition 'DetectedSystemPlatform ~= "arm64"' evaluates to false.
[0DDC:1C6C][2026-05-11T01:27:05]i000: SetupApp: Skipping component based on failed RunCondition: GlobalHooksDispatcherARM64
[0DDC:1C6C][2026-05-11T01:27:05]i052: Condition 'DetectedSystemPlatform ~= "x64"' evaluates to true.
[0DDC:1C6C][2026-05-11T01:27:05]i052: Condition 'DetectedSystemPlatform ~= "arm64"' evaluates to false.
[0DDC:1C6C][2026-05-11T01:27:05]i000: SetupApp: Skipping component based on failed RunCondition: GateManagerARM64
[0DDC:1C6C][2026-05-11T01:27:05]i052: Condition 'DetectedSystemPlatform ~= "x64"' evaluates to true.
[0DDC:1C6C][2026-05-11T01:27:05]i052: Condition 'DetectedSystemPlatform ~= "arm64"' evaluates to false.
[0DDC:1C6C][2026-05-11T01:27:05]i000: SetupApp: Skipping component based on failed RunCondition: FSReaderARM64
[0DDC:1C6C][2026-05-11T01:27:05]i052: Condition 'DetectedSystemPlatform ~= "x64" OR DetectedSystemPlatform ~= "arm64"' evaluates to true.
[0DDC:1C6C][2026-05-11T01:27:05]i000: SetupApp: Skipping component based on setup languages. ComponentId: FSOmniPageAsian
[0DDC:1C6C][2026-05-11T01:27:05]i052: Condition 'DetectedSystemPlatform ~= "x64"' evaluates to true.
[0DDC:1C6C][2026-05-11T01:27:05]i052: Condition 'DetectedSystemPlatform ~= "arm64"' evaluates to false.
[0DDC:1C6C][2026-05-11T01:27:05]i000: SetupApp: Skipping component based on failed RunCondition: FSOcrARM64
[0DDC:1C6C][2026-05-11T01:27:05]i052: Condition 'DetectedSystemPlatform ~= "x64"' evaluates to true.
[0DDC:1C6C][2026-05-11T01:27:05]i052: Condition 'DetectedSystemPlatform ~= "arm64"' evaluates to false.
[0DDC:1C6C][2026-05-11T01:27:05]i000: SetupApp: Skipping component based on failed RunCondition: FSSupportToolARM64
[0DDC:1C6C][2026-05-11T01:27:05]i052: Condition 'DetectedSystemPlatform ~= "x64"' evaluates to true.
[0DDC:1C6C][2026-05-11T01:27:05]i052: Condition 'DetectedSystemPlatform ~= "arm64"' evaluates to false.
[0DDC:1C6C][2026-05-11T01:27:05]i000: SetupApp: Skipping component based on failed RunCondition: ErrorReportingARM64
[0DDC:1C6C][2026-05-11T01:27:05]i052: Condition 'DetectedSystemPlatform ~= "x64"' evaluates to true.
[0DDC:1C6C][2026-05-11T01:27:05]i052: Condition 'DetectedSystemPlatform ~= "arm64"' evaluates to false.
[0DDC:1C6C][2026-05-11T01:27:05]i000: SetupApp: Skipping component based on failed RunCondition: TouchServerARM64
[0DDC:1C6C][2026-05-11T01:27:05]i052: Condition 'DetectedSystemPlatform ~= "x64"' evaluates to true.
[0DDC:1C6C][2026-05-11T01:27:05]i052: Condition 'DetectedSystemPlatform ~= "x64" OR DetectedSystemPlatform ~= "arm64"' evaluates to true.
[0DDC:1C6C][2026-05-11T01:27:05]i052: Condition 'DetectedSystemPlatform ~= "x86" OR DetectedSystemPlatform ~= "x64"' evaluates to true.
[0DDC:1C6C][2026-05-11T01:27:05]i052: Condition 'DetectedSystemPlatform ~= "arm64"' evaluates to false.
[0DDC:1C6C][2026-05-11T01:27:05]i000: SetupApp: Skipping component based on failed RunCondition: UnifiedKeyboardARM64
[0DDC:1C6C][2026-05-11T01:27:05]i052: Condition 'DetectedSystemPlatform ~= "x64"' evaluates to true.
[0DDC:1EB4][2026-05-11T01:27:05]i052: Condition 'false' evaluates to false.
[0DDC:1C6C][2026-05-11T01:27:05]i052: Condition 'DetectedSystemPlatform ~= "x64" AND UninstallRDPProductVersion >= "22.0.0.0" AND UninstallRDPComponentState=2' evaluates to false.
[0DDC:1C6C][2026-05-11T01:27:05]i000: SetupApp: Skipping component based on failed RunCondition: UninstallRDP64
[0DDC:1C6C][2026-05-11T01:27:05]i052: Condition 'DetectedSystemPlatform ~= "x64"' evaluates to true.
[0DDC:1C6C][2026-05-11T01:27:05]i052: Condition 'DetectedSystemPlatform ~= "arm64"' evaluates to false.
[0DDC:1C6C][2026-05-11T01:27:05]i000: SetupApp: Skipping component based on failed RunCondition: RDPARM64
[0DDC:1C6C][2026-05-11T01:27:05]i052: Condition 'DetectedSystemPlatform ~= "x64"' evaluates to true.
[0DDC:1C6C][2026-05-11T01:27:05]i052: Condition 'DetectedSystemPlatform ~= "arm64"' evaluates to false.
[0DDC:1C6C][2026-05-11T01:27:05]i000: SetupApp: Skipping component based on failed RunCondition: TelemetryARM64
[0DDC:1C6C][2026-05-11T01:27:05]i052: Condition 'DetectedSystemPlatform ~= "x64"' evaluates to true.
[0DDC:1C6C][2026-05-11T01:27:05]i052: Condition 'DetectedSystemPlatform ~= "arm64"' evaluates to false.
[0DDC:1C6C][2026-05-11T01:27:05]i000: SetupApp: Skipping component based on failed RunCondition: VoiceAssistantARM64
[0DDC:1C6C][2026-05-11T01:27:05]i052: Condition 'DetectedSystemPlatform ~= "x64"' evaluates to true.
[0DDC:1C6C][2026-05-11T01:27:05]i052: Condition 'DetectedSystemPlatform ~= "arm64"' evaluates to false.
[0DDC:1C6C][2026-05-11T01:27:05]i000: SetupApp: Skipping component based on failed RunCondition: JAWSARM64
[0DDC:1C6C][2026-05-11T01:27:05]i052: Condition 'DetectedSystemPlatform ~= "x64"' evaluates to true.
[0DDC:1C6C][2026-05-11T01:27:05]i052: Condition 'DetectedSystemPlatform ~= "arm64"' evaluates to false.
[0DDC:1C6C][2026-05-11T01:27:05]i000: SetupApp: Skipping component based on failed RunCondition: JAWSLanguageARM64enu
[0DDC:1C6C][2026-05-11T01:27:05]i052: Condition 'DetectedSystemPlatform ~= "x64"' evaluates to true.
[0DDC:1C6C][2026-05-11T01:27:05]i052: Condition 'DetectedSystemPlatform ~= "x64"' evaluates to true.
[0DDC:1C6C][2026-05-11T01:27:05]i000: SetupApp: Skipping component based on setup languages. ComponentId: JAWSLanguage64arb
[0DDC:1C6C][2026-05-11T01:27:05]i052: Condition 'DetectedSystemPlatform ~= "arm64"' evaluates to false.
[0DDC:1C6C][2026-05-11T01:27:05]i000: SetupApp: Skipping component based on failed RunCondition: JAWSLanguageARM64arb
[0DDC:1C6C][2026-05-11T01:27:05]i052: Condition 'DetectedSystemPlatform ~= "x64"' evaluates to true.
[0DDC:1C6C][2026-05-11T01:27:05]i000: SetupApp: Skipping component based on setup languages. ComponentId: JAWSLanguage64dan
[0DDC:1C6C][2026-05-11T01:27:05]i052: Condition 'DetectedSystemPlatform ~= "arm64"' evaluates to false.
[0DDC:1C6C][2026-05-11T01:27:05]i000: SetupApp: Skipping component based on failed RunCondition: JAWSLanguageARM64dan
[0DDC:1C6C][2026-05-11T01:27:05]i052: Condition 'DetectedSystemPlatform ~= "x64"' evaluates to true.
[0DDC:1C6C][2026-05-11T01:27:05]i000: SetupApp: Skipping component based on setup languages. ComponentId: JAWSLanguage64deu
[0DDC:1C6C][2026-05-11T01:27:05]i052: Condition 'DetectedSystemPlatform ~= "arm64"' evaluates to false.
[0DDC:1C6C][2026-05-11T01:27:05]i000: SetupApp: Skipping component based on failed RunCondition: JAWSLanguageARM64deu
[0DDC:1C6C][2026-05-11T01:27:05]i052: Condition 'DetectedSystemPlatform ~= "x64"' evaluates to true.
[0DDC:1C6C][2026-05-11T01:27:05]i000: SetupApp: Skipping component based on setup languages. ComponentId: JAWSLanguage64esn
[0DDC:1C6C][2026-05-11T01:27:05]i052: Condition 'DetectedSystemPlatform ~= "arm64"' evaluates to false.
[0DDC:1C6C][2026-05-11T01:27:05]i000: SetupApp: Skipping component based on failed RunCondition: JAWSLanguageARM64esn
[0DDC:1C6C][2026-05-11T01:27:05]i052: Condition 'DetectedSystemPlatform ~= "x64"' evaluates to true.
[0DDC:1C6C][2026-05-11T01:27:05]i000: SetupApp: Skipping component based on setup languages. ComponentId: JAWSLanguage64fin
[0DDC:1C6C][2026-05-11T01:27:05]i052: Condition 'DetectedSystemPlatform ~= "arm64"' evaluates to false.
[0DDC:1C6C][2026-05-11T01:27:05]i000: SetupApp: Skipping component based on failed RunCondition: JAWSLanguageARM64fin
[0DDC:1C6C][2026-05-11T01:27:05]i052: Condition 'DetectedSystemPlatform ~= "x64"' evaluates to true.
[0DDC:1C6C][2026-05-11T01:27:05]i000: SetupApp: Skipping component based on setup languages. ComponentId: JAWSLanguage64fra
[0DDC:1C6C][2026-05-11T01:27:05]i052: Condition 'DetectedSystemPlatform ~= "arm64"' evaluates to false.
[0DDC:1C6C][2026-05-11T01:27:05]i000: SetupApp: Skipping component based on failed RunCondition: JAWSLanguageARM64fra
[0DDC:1C6C][2026-05-11T01:27:05]i052: Condition 'DetectedSystemPlatform ~= "x64"' evaluates to true.
[0DDC:1C6C][2026-05-11T01:27:05]i000: SetupApp: Skipping component based on setup languages. ComponentId: JAWSLanguage64frc
[0DDC:1C6C][2026-05-11T01:27:05]i052: Condition 'DetectedSystemPlatform ~= "arm64"' evaluates to false.
[0DDC:1C6C][2026-05-11T01:27:05]i000: SetupApp: Skipping component based on failed RunCondition: JAWSLanguageARM64frc
[0DDC:1C6C][2026-05-11T01:27:05]i052: Condition 'DetectedSystemPlatform ~= "x64"' evaluates to true.
[0DDC:1C6C][2026-05-11T01:27:05]i000: SetupApp: Skipping component based on setup languages. ComponentId: JAWSLanguage64heb
[0DDC:1C6C][2026-05-11T01:27:05]i052: Condition 'DetectedSystemPlatform ~= "arm64"' evaluates to false.
[0DDC:1C6C][2026-05-11T01:27:05]i000: SetupApp: Skipping component based on failed RunCondition: JAWSLanguageARM64heb
[0DDC:1C6C][2026-05-11T01:27:05]i052: Condition 'DetectedSystemPlatform ~= "x64"' evaluates to true.
[0DDC:1C6C][2026-05-11T01:27:05]i000: SetupApp: Skipping component based on setup languages. ComponentId: JAWSLanguage64hun
[0DDC:1C6C][2026-05-11T01:27:05]i052: Condition 'DetectedSystemPlatform ~= "arm64"' evaluates to false.
[0DDC:1C6C][2026-05-11T01:27:05]i000: SetupApp: Skipping component based on failed RunCondition: JAWSLanguageARM64hun
[0DDC:1C6C][2026-05-11T01:27:05]i052: Condition 'DetectedSystemPlatform ~= "x64"' evaluates to true.
[0DDC:1C6C][2026-05-11T01:27:05]i000: SetupApp: Skipping component based on setup languages. ComponentId: JAWSLanguage64ita
[0DDC:1C6C][2026-05-11T01:27:05]i052: Condition 'DetectedSystemPlatform ~= "arm64"' evaluates to false.
[0DDC:1C6C][2026-05-11T01:27:05]i000: SetupApp: Skipping component based on failed RunCondition: JAWSLanguageARM64ita
[0DDC:1C6C][2026-05-11T01:27:05]i052: Condition 'DetectedSystemPlatform ~= "x64"' evaluates to true.
[0DDC:1C6C][2026-05-11T01:27:05]i000: SetupApp: Skipping component based on setup languages. ComponentId: JAWSLanguage64kkz
[0DDC:1C6C][2026-05-11T01:27:05]i052: Condition 'DetectedSystemPlatform ~= "arm64"' evaluates to false.
[0DDC:1C6C][2026-05-11T01:27:05]i000: SetupApp: Skipping component based on failed RunCondition: JAWSLanguageARM64kkz
[0DDC:1C6C][2026-05-11T01:27:05]i052: Condition 'DetectedSystemPlatform ~= "x64"' evaluates to true.
[0DDC:1C6C][2026-05-11T01:27:05]i000: SetupApp: Skipping component based on setup languages. ComponentId: JAWSLanguage64nlb
[0DDC:1C6C][2026-05-11T01:27:05]i052: Condition 'DetectedSystemPlatform ~= "arm64"' evaluates to false.
[0DDC:1C6C][2026-05-11T01:27:05]i000: SetupApp: Skipping component based on failed RunCondition: JAWSLanguageARM64nlb
[0DDC:1C6C][2026-05-11T01:27:05]i052: Condition 'DetectedSystemPlatform ~= "x64"' evaluates to true.
[0DDC:1C6C][2026-05-11T01:27:05]i000: SetupApp: Skipping component based on setup languages. ComponentId: JAWSLanguage64nld
[0DDC:1C6C][2026-05-11T01:27:05]i052: Condition 'DetectedSystemPlatform ~= "arm64"' evaluates to false.
[0DDC:1C6C][2026-05-11T01:27:05]i000: SetupApp: Skipping component based on failed RunCondition: JAWSLanguageARM64nld
[0DDC:1C6C][2026-05-11T01:27:05]i052: Condition 'DetectedSystemPlatform ~= "x64"' evaluates to true.
[0DDC:1C6C][2026-05-11T01:27:05]i000: SetupApp: Skipping component based on setup languages. ComponentId: JAWSLanguage64nor
[0DDC:1C6C][2026-05-11T01:27:05]i052: Condition 'DetectedSystemPlatform ~= "arm64"' evaluates to false.
[0DDC:1C6C][2026-05-11T01:27:05]i000: SetupApp: Skipping component based on failed RunCondition: JAWSLanguageARM64nor
[0DDC:1C6C][2026-05-11T01:27:05]i052: Condition 'DetectedSystemPlatform ~= "x64"' evaluates to true.
[0DDC:1C6C][2026-05-11T01:27:05]i000: SetupApp: Skipping component based on setup languages. ComponentId: JAWSLanguage64ptb
[0DDC:1C6C][2026-05-11T01:27:05]i052: Condition 'DetectedSystemPlatform ~= "arm64"' evaluates to false.
[0DDC:1C6C][2026-05-11T01:27:05]i000: SetupApp: Skipping component based on failed RunCondition: JAWSLanguageARM64ptb
[0DDC:1C6C][2026-05-11T01:27:05]i052: Condition 'DetectedSystemPlatform ~= "x64"' evaluates to true.
[0DDC:1C6C][2026-05-11T01:27:05]i000: SetupApp: Skipping component based on setup languages. ComponentId: JAWSLanguage64rus
[0DDC:1C6C][2026-05-11T01:27:05]i052: Condition 'DetectedSystemPlatform ~= "arm64"' evaluates to false.
[0DDC:1C6C][2026-05-11T01:27:05]i000: SetupApp: Skipping component based on failed RunCondition: JAWSLanguageARM64rus
[0DDC:1C6C][2026-05-11T01:27:05]i052: Condition 'DetectedSystemPlatform ~= "x64"' evaluates to true.
[0DDC:1C6C][2026-05-11T01:27:05]i000: SetupApp: Skipping component based on setup languages. ComponentId: JAWSLanguage64sky
[0DDC:1C6C][2026-05-11T01:27:05]i052: Condition 'DetectedSystemPlatform ~= "arm64"' evaluates to false.
[0DDC:1C6C][2026-05-11T01:27:05]i000: SetupApp: Skipping component based on failed RunCondition: JAWSLanguageARM64sky
[0DDC:1C6C][2026-05-11T01:27:05]i052: Condition 'DetectedSystemPlatform ~= "x64"' evaluates to true.
[0DDC:1C6C][2026-05-11T01:27:05]i000: SetupApp: Skipping component based on setup languages. ComponentId: JAWSLanguage64sve
[0DDC:1C6C][2026-05-11T01:27:05]i052: Condition 'DetectedSystemPlatform ~= "arm64"' evaluates to false.
[0DDC:1C6C][2026-05-11T01:27:05]i000: SetupApp: Skipping component based on failed RunCondition: JAWSLanguageARM64sve
[0DDC:1C6C][2026-05-11T01:27:05]i052: Condition 'DetectedSystemPlatform ~= "x64"' evaluates to true.
[0DDC:1C6C][2026-05-11T01:27:05]i000: SetupApp: Skipping component based on setup languages. ComponentId: JAWSLanguage64trk
[0DDC:1C6C][2026-05-11T01:27:05]i052: Condition 'DetectedSystemPlatform ~= "arm64"' evaluates to false.
[0DDC:1C6C][2026-05-11T01:27:05]i000: SetupApp: Skipping component based on failed RunCondition: JAWSLanguageARM64trk
[0DDC:1C6C][2026-05-11T01:27:05]i052: Condition 'DetectedSystemPlatform ~= "x64"' evaluates to true.
[0DDC:1C6C][2026-05-11T01:27:05]i000: SetupApp: Skipping component based on setup languages. ComponentId: JAWSLanguage64ukr
[0DDC:1C6C][2026-05-11T01:27:05]i052: Condition 'DetectedSystemPlatform ~= "arm64"' evaluates to false.
[0DDC:1C6C][2026-05-11T01:27:05]i000: SetupApp: Skipping component based on failed RunCondition: JAWSLanguageARM64ukr
[0DDC:1C6C][2026-05-11T01:27:05]i052: Condition 'DetectedSystemPlatform ~= "x64"' evaluates to true.
[0DDC:1C6C][2026-05-11T01:27:05]i000: SetupApp: Skipping non-requested component: JAWSStart64arb
[0DDC:1C6C][2026-05-11T01:27:05]i052: Condition 'DetectedSystemPlatform ~= "arm64"' evaluates to false.
[0DDC:1C6C][2026-05-11T01:27:05]i000: SetupApp: Skipping component based on failed RunCondition: JAWSStartARM64arb
[0DDC:1C6C][2026-05-11T01:27:05]i052: Condition 'DetectedSystemPlatform ~= "x64"' evaluates to true.
[0DDC:1C6C][2026-05-11T01:27:05]i000: SetupApp: Skipping non-requested component: JAWSStart64deu
[0DDC:1C6C][2026-05-11T01:27:05]i052: Condition 'DetectedSystemPlatform ~= "arm64"' evaluates to false.
[0DDC:1C6C][2026-05-11T01:27:05]i000: SetupApp: Skipping component based on failed RunCondition: JAWSStartARM64deu
[0DDC:1C6C][2026-05-11T01:27:05]i052: Condition 'DetectedSystemPlatform ~= "x64"' evaluates to true.
[0DDC:1C6C][2026-05-11T01:27:05]i000: SetupApp: Skipping non-requested component: JAWSStart64dan
[0DDC:1C6C][2026-05-11T01:27:05]i052: Condition 'DetectedSystemPlatform ~= "arm64"' evaluates to false.
[0DDC:1C6C][2026-05-11T01:27:05]i000: SetupApp: Skipping component based on failed RunCondition: JAWSStartARM64dan
[0DDC:1C6C][2026-05-11T01:27:05]i052: Condition 'DetectedSystemPlatform ~= "x64"' evaluates to true.
[0DDC:1C6C][2026-05-11T01:27:05]i052: Condition 'DetectedSystemPlatform ~= "arm64"' evaluates to false.
[0DDC:1C6C][2026-05-11T01:27:05]i000: SetupApp: Skipping component based on failed RunCondition: JAWSStartARM64enu
[0DDC:1C6C][2026-05-11T01:27:05]i052: Condition 'DetectedSystemPlatform ~= "x64"' evaluates to true.
[0DDC:1C6C][2026-05-11T01:27:05]i000: SetupApp: Skipping non-requested component: JAWSStart64esn
[0DDC:1C6C][2026-05-11T01:27:05]i052: Condition 'DetectedSystemPlatform ~= "arm64"' evaluates to false.
[0DDC:1C6C][2026-05-11T01:27:05]i000: SetupApp: Skipping component based on failed RunCondition: JAWSStartARM64esn
[0DDC:1C6C][2026-05-11T01:27:05]i052: Condition 'DetectedSystemPlatform ~= "x64"' evaluates to true.
[0DDC:1C6C][2026-05-11T01:27:05]i000: SetupApp: Skipping non-requested component: JAWSStart64fin
[0DDC:1C6C][2026-05-11T01:27:05]i052: Condition 'DetectedSystemPlatform ~= "arm64"' evaluates to false.
[0DDC:1C6C][2026-05-11T01:27:05]i000: SetupApp: Skipping component based on failed RunCondition: JAWSStartARM64fin
[0DDC:1C6C][2026-05-11T01:27:05]i052: Condition 'DetectedSystemPlatform ~= "x64"' evaluates to true.
[0DDC:1C6C][2026-05-11T01:27:05]i000: SetupApp: Skipping non-requested component: JAWSStart64fra
[0DDC:1C6C][2026-05-11T01:27:05]i052: Condition 'DetectedSystemPlatform ~= "arm64"' evaluates to false.
[0DDC:1C6C][2026-05-11T01:27:05]i000: SetupApp: Skipping component based on failed RunCondition: JAWSStartARM64fra
[0DDC:1C6C][2026-05-11T01:27:05]i052: Condition 'DetectedSystemPlatform ~= "x64"' evaluates to true.
[0DDC:1C6C][2026-05-11T01:27:05]i000: SetupApp: Skipping non-requested component: JAWSStart64frc
[0DDC:1C6C][2026-05-11T01:27:05]i052: Condition 'DetectedSystemPlatform ~= "arm64"' evaluates to false.
[0DDC:1C6C][2026-05-11T01:27:05]i000: SetupApp: Skipping component based on failed RunCondition: JAWSStartARM64frc
[0DDC:1C6C][2026-05-11T01:27:05]i052: Condition 'DetectedSystemPlatform ~= "x64"' evaluates to true.
[0DDC:1C6C][2026-05-11T01:27:05]i000: SetupApp: Skipping non-requested component: JAWSStart64heb
[0DDC:1C6C][2026-05-11T01:27:05]i052: Condition 'DetectedSystemPlatform ~= "arm64"' evaluates to false.
[0DDC:1C6C][2026-05-11T01:27:05]i000: SetupApp: Skipping component based on failed RunCondition: JAWSStartARM64heb
[0DDC:1C6C][2026-05-11T01:27:05]i052: Condition 'DetectedSystemPlatform ~= "x64"' evaluates to true.
[0DDC:1C6C][2026-05-11T01:27:05]i000: SetupApp: Skipping non-requested component: JAWSStart64hun
[0DDC:1C6C][2026-05-11T01:27:05]i052: Condition 'DetectedSystemPlatform ~= "arm64"' evaluates to false.
[0DDC:1C6C][2026-05-11T01:27:05]i000: SetupApp: Skipping component based on failed RunCondition: JAWSStartARM64hun
[0DDC:1C6C][2026-05-11T01:27:05]i052: Condition 'DetectedSystemPlatform ~= "x64"' evaluates to true.
[0DDC:1C6C][2026-05-11T01:27:05]i000: SetupApp: Skipping non-requested component: JAWSStart64ita
[0DDC:1C6C][2026-05-11T01:27:05]i052: Condition 'DetectedSystemPlatform ~= "arm64"' evaluates to false.
[0DDC:1C6C][2026-05-11T01:27:05]i000: SetupApp: Skipping component based on failed RunCondition: JAWSStartARM64ita
[0DDC:1C6C][2026-05-11T01:27:05]i052: Condition 'DetectedSystemPlatform ~= "x64"' evaluates to true.
[0DDC:1C6C][2026-05-11T01:27:05]i000: SetupApp: Skipping non-requested component: JAWSStart64kkz
[0DDC:1C6C][2026-05-11T01:27:05]i052: Condition 'DetectedSystemPlatform ~= "arm64"' evaluates to false.
[0DDC:1C6C][2026-05-11T01:27:05]i000: SetupApp: Skipping component based on failed RunCondition: JAWSStartARM64kkz
[0DDC:1C6C][2026-05-11T01:27:05]i052: Condition 'DetectedSystemPlatform ~= "x64"' evaluates to true.
[0DDC:1C6C][2026-05-11T01:27:05]i000: SetupApp: Skipping non-requested component: JAWSStart64nlb
[0DDC:1C6C][2026-05-11T01:27:05]i052: Condition 'DetectedSystemPlatform ~= "arm64"' evaluates to false.
[0DDC:1C6C][2026-05-11T01:27:05]i000: SetupApp: Skipping component based on failed RunCondition: JAWSStartARM64nlb
[0DDC:1C6C][2026-05-11T01:27:05]i052: Condition 'DetectedSystemPlatform ~= "x64"' evaluates to true.
[0DDC:1C6C][2026-05-11T01:27:05]i000: SetupApp: Skipping non-requested component: JAWSStart64nld
[0DDC:1C6C][2026-05-11T01:27:05]i052: Condition 'DetectedSystemPlatform ~= "arm64"' evaluates to false.
[0DDC:1C6C][2026-05-11T01:27:05]i000: SetupApp: Skipping component based on failed RunCondition: JAWSStartARM64nld
[0DDC:1C6C][2026-05-11T01:27:05]i052: Condition 'DetectedSystemPlatform ~= "x64"' evaluates to true.
[0DDC:1C6C][2026-05-11T01:27:05]i000: SetupApp: Skipping non-requested component: JAWSStart64nor
[0DDC:1C6C][2026-05-11T01:27:05]i052: Condition 'DetectedSystemPlatform ~= "arm64"' evaluates to false.
[0DDC:1C6C][2026-05-11T01:27:05]i000: SetupApp: Skipping component based on failed RunCondition: JAWSStartARM64nor
[0DDC:1C6C][2026-05-11T01:27:05]i052: Condition 'DetectedSystemPlatform ~= "x64"' evaluates to true.
[0DDC:1C6C][2026-05-11T01:27:05]i000: SetupApp: Skipping non-requested component: JAWSStart64ptb
[0DDC:1C6C][2026-05-11T01:27:05]i052: Condition 'DetectedSystemPlatform ~= "arm64"' evaluates to false.
[0DDC:1C6C][2026-05-11T01:27:05]i000: SetupApp: Skipping component based on failed RunCondition: JAWSStartARM64ptb
[0DDC:1C6C][2026-05-11T01:27:05]i052: Condition 'DetectedSystemPlatform ~= "x64"' evaluates to true.
[0DDC:1C6C][2026-05-11T01:27:05]i000: SetupApp: Skipping non-requested component: JAWSStart64rus
[0DDC:1C6C][2026-05-11T01:27:05]i052: Condition 'DetectedSystemPlatform ~= "arm64"' evaluates to false.
[0DDC:1C6C][2026-05-11T01:27:05]i000: SetupApp: Skipping component based on failed RunCondition: JAWSStartARM64rus
[0DDC:1C6C][2026-05-11T01:27:05]i052: Condition 'DetectedSystemPlatform ~= "x64"' evaluates to true.
[0DDC:1C6C][2026-05-11T01:27:05]i000: SetupApp: Skipping non-requested component: JAWSStart64sky
[0DDC:1C6C][2026-05-11T01:27:05]i052: Condition 'DetectedSystemPlatform ~= "arm64"' evaluates to false.
[0DDC:1C6C][2026-05-11T01:27:05]i000: SetupApp: Skipping component based on failed RunCondition: JAWSStartARM64sky
[0DDC:1C6C][2026-05-11T01:27:05]i052: Condition 'DetectedSystemPlatform ~= "x64"' evaluates to true.
[0DDC:1C6C][2026-05-11T01:27:05]i000: SetupApp: Skipping non-requested component: JAWSStart64sve
[0DDC:1C6C][2026-05-11T01:27:05]i052: Condition 'DetectedSystemPlatform ~= "arm64"' evaluates to false.
[0DDC:1C6C][2026-05-11T01:27:05]i000: SetupApp: Skipping component based on failed RunCondition: JAWSStartARM64sve
[0DDC:1C6C][2026-05-11T01:27:05]i052: Condition 'DetectedSystemPlatform ~= "x64"' evaluates to true.
[0DDC:1C6C][2026-05-11T01:27:05]i000: SetupApp: Skipping non-requested component: JAWSStart64trk
[0DDC:1C6C][2026-05-11T01:27:05]i052: Condition 'DetectedSystemPlatform ~= "arm64"' evaluates to false.
[0DDC:1C6C][2026-05-11T01:27:05]i000: SetupApp: Skipping component based on failed RunCondition: JAWSStartARM64trk
[0DDC:1C6C][2026-05-11T01:27:05]i052: Condition 'DetectedSystemPlatform ~= "x64"' evaluates to true.
[0DDC:1C6C][2026-05-11T01:27:05]i000: SetupApp: Skipping non-requested component: JAWSStart64ukr
[0DDC:1C6C][2026-05-11T01:27:05]i052: Condition 'DetectedSystemPlatform ~= "arm64"' evaluates to false.
[0DDC:1C6C][2026-05-11T01:27:05]i000: SetupApp: Skipping component based on failed RunCondition: JAWSStartARM64ukr
[0DDC:1C6C][2026-05-11T01:27:05]i052: Condition 'DetectedSystemPlatform ~= "x86" OR DetectedSystemPlatform ~= "x64"' evaluates to true.
[0DDC:1C6C][2026-05-11T01:27:05]i052: Condition 'DetectedSystemPlatform ~= "arm64"' evaluates to false.
[0DDC:1C6C][2026-05-11T01:27:05]i000: SetupApp: Skipping component based on failed RunCondition: PostInstallARM64
[0DDC:1EB4][2026-05-11T01:27:05]w321: Skipping dependency registration on package with no dependency providers: vcredist2022_x86
[0DDC:1EB4][2026-05-11T01:27:05]w321: Skipping dependency registration on package with no dependency providers: vcredist2022_x64
[0DDC:1EB4][2026-05-11T01:27:05]w321: Skipping dependency registration on package with no dependency providers: vcredist2022_ARM64
[0DDC:1EB4][2026-05-11T01:27:05]w321: Skipping dependency registration on package with no dependency providers: MicrosoftDotNet8DesktopRuntimex86
[0DDC:1EB4][2026-05-11T01:27:05]w321: Skipping dependency registration on package with no dependency providers: MicrosoftDotNet8DesktopRuntimex64
[0DDC:1EB4][2026-05-11T01:27:05]w321: Skipping dependency registration on package with no dependency providers: MicrosoftDotNet8DesktopRuntimeARM64
[0DDC:1EB4][2026-05-11T01:27:05]w321: Skipping dependency registration on package with no dependency providers: MicrosoftEdgeWebView2Runtimex86
[0DDC:1EB4][2026-05-11T01:27:05]w321: Skipping dependency registration on package with no dependency providers: MicrosoftEdgeWebView2Runtimex64
[0DDC:1EB4][2026-05-11T01:27:05]i000: Setting string variable 'WixBundleRollbackLog_Eloquence' to value 'D:\a\_temp\jaws-evidence\jaws-install_000_Eloquence_rollback.log'
[0DDC:1EB4][2026-05-11T01:27:05]i000: Setting string variable 'WixBundleLog_Eloquence' to value 'D:\a\_temp\jaws-evidence\jaws-install_000_Eloquence.log'
[0DDC:1EB4][2026-05-11T01:27:05]w321: Skipping dependency registration on package with no dependency providers: VidAccDriverUninstaller64
[0DDC:1EB4][2026-05-11T01:27:05]i000: Setting string variable 'WixBundleLog_VidAccDriverUninstaller64' to value 'D:\a\_temp\jaws-evidence\jaws-install_001_VidAccDriverUninstaller64.log'
[0DDC:1EB4][2026-05-11T01:27:05]i000: Setting string variable 'WixBundleRollbackLog_Utilities64' to value 'D:\a\_temp\jaws-evidence\jaws-install_002_Utilities64_rollback.log'
[0DDC:1EB4][2026-05-11T01:27:05]i000: Setting string variable 'WixBundleLog_Utilities64' to value 'D:\a\_temp\jaws-evidence\jaws-install_002_Utilities64.log'
[0DDC:1EB4][2026-05-11T01:27:05]w321: Skipping dependency registration on package with no dependency providers: UninstallSentinelSystemDriver750
[0DDC:1EB4][2026-05-11T01:27:05]w321: Skipping dependency registration on package with no dependency providers: UninstallSentinelSystemDriver761
[0DDC:1EB4][2026-05-11T01:27:05]i000: Setting string variable 'WixBundleLog_SentinelProtectionInstaller' to value 'D:\a\_temp\jaws-evidence\jaws-install_003_SentinelProtectionInstaller.log'
[0DDC:1EB4][2026-05-11T01:27:05]i000: Setting string variable 'WixBundleRollbackLog_FsElevation64' to value 'D:\a\_temp\jaws-evidence\jaws-install_004_FsElevation64_rollback.log'
[0DDC:1EB4][2026-05-11T01:27:05]i000: Setting string variable 'WixBundleLog_FsElevation64' to value 'D:\a\_temp\jaws-evidence\jaws-install_004_FsElevation64.log'
[0DDC:1EB4][2026-05-11T01:27:05]i000: Setting string variable 'WixBundleRollbackLog_fsSynth' to value 'D:\a\_temp\jaws-evidence\jaws-install_005_fsSynth_rollback.log'
[0DDC:1EB4][2026-05-11T01:27:05]i000: Setting string variable 'WixBundleLog_fsSynth' to value 'D:\a\_temp\jaws-evidence\jaws-install_005_fsSynth.log'
[0DDC:1EB4][2026-05-11T01:27:05]i000: Setting string variable 'WixBundleRollbackLog_UIAHooks64' to value 'D:\a\_temp\jaws-evidence\jaws-install_006_UIAHooks64_rollback.log'
[0DDC:1EB4][2026-05-11T01:27:05]i000: Setting string variable 'WixBundleLog_UIAHooks64' to value 'D:\a\_temp\jaws-evidence\jaws-install_006_UIAHooks64.log'
[0DDC:1EB4][2026-05-11T01:27:05]i000: Setting string variable 'WixBundleRollbackLog_HookManager64' to value 'D:\a\_temp\jaws-evidence\jaws-install_007_HookManager64_rollback.log'
[0DDC:1EB4][2026-05-11T01:27:05]i000: Setting string variable 'WixBundleLog_HookManager64' to value 'D:\a\_temp\jaws-evidence\jaws-install_007_HookManager64.log'
[0DDC:1EB4][2026-05-11T01:27:05]i000: Setting string variable 'WixBundleRollbackLog_AccEventCache64' to value 'D:\a\_temp\jaws-evidence\jaws-install_008_AccEventCache64_rollback.log'
[0DDC:1EB4][2026-05-11T01:27:05]i000: Setting string variable 'WixBundleLog_AccEventCache64' to value 'D:\a\_temp\jaws-evidence\jaws-install_008_AccEventCache64.log'
[0DDC:1EB4][2026-05-11T01:27:05]i000: Setting string variable 'WixBundleRollbackLog_GlobalHooksDispatcher64' to value 'D:\a\_temp\jaws-evidence\jaws-install_009_GlobalHooksDispatcher64_rollback.log'
[0DDC:1EB4][2026-05-11T01:27:05]i000: Setting string variable 'WixBundleLog_GlobalHooksDispatcher64' to value 'D:\a\_temp\jaws-evidence\jaws-install_009_GlobalHooksDispatcher64.log'
[0DDC:1EB4][2026-05-11T01:27:05]i000: Setting string variable 'WixBundleRollbackLog_GateManager64' to value 'D:\a\_temp\jaws-evidence\jaws-install_010_GateManager64_rollback.log'
[0DDC:1EB4][2026-05-11T01:27:05]i000: Setting string variable 'WixBundleLog_GateManager64' to value 'D:\a\_temp\jaws-evidence\jaws-install_010_GateManager64.log'
[0DDC:1EB4][2026-05-11T01:27:05]i000: Setting string variable 'WixBundleLog_FSReader64' to value 'D:\a\_temp\jaws-evidence\jaws-install_011_FSReader64.log'
[0DDC:1EB4][2026-05-11T01:27:05]i000: Setting string variable 'WixBundleLog_TableOfContents64' to value 'D:\a\_temp\jaws-evidence\jaws-install_012_TableOfContents64.log'
[0DDC:1EB4][2026-05-11T01:27:05]i000: Setting string variable 'WixBundleRollbackLog_FSOmniPage' to value 'D:\a\_temp\jaws-evidence\jaws-install_013_FSOmniPage_rollback.log'
[0DDC:1EB4][2026-05-11T01:27:05]i000: Setting string variable 'WixBundleLog_FSOmniPage' to value 'D:\a\_temp\jaws-evidence\jaws-install_013_FSOmniPage.log'
[0DDC:1EB4][2026-05-11T01:27:05]i000: Setting string variable 'WixBundleRollbackLog_FSOcr64' to value 'D:\a\_temp\jaws-evidence\jaws-install_014_FSOcr64_rollback.log'
[0DDC:1EB4][2026-05-11T01:27:05]i000: Setting string variable 'WixBundleLog_FSOcr64' to value 'D:\a\_temp\jaws-evidence\jaws-install_014_FSOcr64.log'
[0DDC:1EB4][2026-05-11T01:27:05]i000: Setting string variable 'WixBundleRollbackLog_FSSupportTool64' to value 'D:\a\_temp\jaws-evidence\jaws-install_015_FSSupportTool64_rollback.log'
[0DDC:1EB4][2026-05-11T01:27:05]i000: Setting string variable 'WixBundleLog_FSSupportTool64' to value 'D:\a\_temp\jaws-evidence\jaws-install_015_FSSupportTool64.log'
[0DDC:1EB4][2026-05-11T01:27:05]i000: Setting string variable 'WixBundleRollbackLog_ErrorReporting64' to value 'D:\a\_temp\jaws-evidence\jaws-install_016_ErrorReporting64_rollback.log'
[0DDC:1EB4][2026-05-11T01:27:05]i000: Setting string variable 'WixBundleLog_ErrorReporting64' to value 'D:\a\_temp\jaws-evidence\jaws-install_016_ErrorReporting64.log'
[0DDC:1EB4][2026-05-11T01:27:05]i000: Setting string variable 'WixBundleRollbackLog_TouchServer64' to value 'D:\a\_temp\jaws-evidence\jaws-install_017_TouchServer64_rollback.log'
[0DDC:1EB4][2026-05-11T01:27:05]i000: Setting string variable 'WixBundleLog_TouchServer64' to value 'D:\a\_temp\jaws-evidence\jaws-install_017_TouchServer64.log'
[0DDC:1EB4][2026-05-11T01:27:05]i000: Setting string variable 'WixBundleRollbackLog_FusionInterface64' to value 'D:\a\_temp\jaws-evidence\jaws-install_018_FusionInterface64_rollback.log'
[0DDC:1EB4][2026-05-11T01:27:05]i000: Setting string variable 'WixBundleLog_FusionInterface64' to value 'D:\a\_temp\jaws-evidence\jaws-install_018_FusionInterface64.log'
[0DDC:1EB4][2026-05-11T01:27:05]i000: Setting string variable 'WixBundleRollbackLog_Authorization64' to value 'D:\a\_temp\jaws-evidence\jaws-install_019_Authorization64_rollback.log'
[0DDC:1EB4][2026-05-11T01:27:05]i000: Setting string variable 'WixBundleLog_Authorization64' to value 'D:\a\_temp\jaws-evidence\jaws-install_019_Authorization64.log'
[0DDC:1EB4][2026-05-11T01:27:05]i000: Setting string variable 'WixBundleRollbackLog_UnifiedKeyboard' to value 'D:\a\_temp\jaws-evidence\jaws-install_020_UnifiedKeyboard_rollback.log'
[0DDC:1EB4][2026-05-11T01:27:05]i000: Setting string variable 'WixBundleLog_UnifiedKeyboard' to value 'D:\a\_temp\jaws-evidence\jaws-install_020_UnifiedKeyboard.log'
[0DDC:1EB4][2026-05-11T01:27:05]i000: Setting string variable 'WixBundleRollbackLog_FSCam64' to value 'D:\a\_temp\jaws-evidence\jaws-install_021_FSCam64_rollback.log'
[0DDC:1EB4][2026-05-11T01:27:05]i000: Setting string variable 'WixBundleLog_FSCam64' to value 'D:\a\_temp\jaws-evidence\jaws-install_021_FSCam64.log'
[0DDC:1EB4][2026-05-11T01:27:05]i000: Setting string variable 'WixBundleRollbackLog_RDP64' to value 'D:\a\_temp\jaws-evidence\jaws-install_022_RDP64_rollback.log'
[0DDC:1EB4][2026-05-11T01:27:05]i000: Setting string variable 'WixBundleLog_RDP64' to value 'D:\a\_temp\jaws-evidence\jaws-install_022_RDP64.log'
[0DDC:1EB4][2026-05-11T01:27:05]i000: Setting string variable 'WixBundleRollbackLog_Telemetry64' to value 'D:\a\_temp\jaws-evidence\jaws-install_023_Telemetry64_rollback.log'
[0DDC:1EB4][2026-05-11T01:27:05]i000: Setting string variable 'WixBundleLog_Telemetry64' to value 'D:\a\_temp\jaws-evidence\jaws-install_023_Telemetry64.log'
[0DDC:1EB4][2026-05-11T01:27:05]i000: Setting string variable 'WixBundleRollbackLog_VoiceAssistant64' to value 'D:\a\_temp\jaws-evidence\jaws-install_024_VoiceAssistant64_rollback.log'
[0DDC:1EB4][2026-05-11T01:27:05]i000: Setting string variable 'WixBundleLog_VoiceAssistant64' to value 'D:\a\_temp\jaws-evidence\jaws-install_024_VoiceAssistant64.log'
[0DDC:1EB4][2026-05-11T01:27:05]i000: Setting string variable 'WixBundleRollbackLog_JAWS64' to value 'D:\a\_temp\jaws-evidence\jaws-install_025_JAWS64_rollback.log'
[0DDC:1EB4][2026-05-11T01:27:05]i000: Setting string variable 'WixBundleLog_JAWS64' to value 'D:\a\_temp\jaws-evidence\jaws-install_025_JAWS64.log'
[0DDC:1EB4][2026-05-11T01:27:05]i000: Setting string variable 'WixBundleRollbackLog_JAWSLanguage64enu' to value 'D:\a\_temp\jaws-evidence\jaws-install_026_JAWSLanguage64enu_rollback.log'
[0DDC:1EB4][2026-05-11T01:27:05]i000: Setting string variable 'WixBundleLog_JAWSLanguage64enu' to value 'D:\a\_temp\jaws-evidence\jaws-install_026_JAWSLanguage64enu.log'
[0DDC:1EB4][2026-05-11T01:27:05]i000: Setting string variable 'WixBundleRollbackLog_Xerces64' to value 'D:\a\_temp\jaws-evidence\jaws-install_027_Xerces64_rollback.log'
[0DDC:1EB4][2026-05-11T01:27:05]i000: Setting string variable 'WixBundleLog_Xerces64' to value 'D:\a\_temp\jaws-evidence\jaws-install_027_Xerces64.log'
[0DDC:1EB4][2026-05-11T01:27:05]i000: Setting string variable 'WixBundleRollbackLog_JAWSStart64enu' to value 'D:\a\_temp\jaws-evidence\jaws-install_028_JAWSStart64enu_rollback.log'
[0DDC:1EB4][2026-05-11T01:27:05]i000: Setting string variable 'WixBundleLog_JAWSStart64enu' to value 'D:\a\_temp\jaws-evidence\jaws-install_028_JAWSStart64enu.log'
[0DDC:1EB4][2026-05-11T01:27:05]w321: Skipping dependency registration on package with no dependency providers: PostInstall
[0DDC:1EB4][2026-05-11T01:27:05]i000: Setting string variable 'WixBundleRollbackLog_PostInstall' to value 'D:\a\_temp\jaws-evidence\jaws-install_029_PostInstall_rollback.log'
[0DDC:1EB4][2026-05-11T01:27:05]i000: Setting string variable 'WixBundleLog_PostInstall' to value 'D:\a\_temp\jaws-evidence\jaws-install_029_PostInstall.log'
[0DDC:1EB4][2026-05-11T01:27:05]w321: Skipping dependency registration on package with no dependency providers: PostInstallARM64
[0DDC:1EB4][2026-05-11T01:27:05]i222: Planned rollback boundary: 'WixDefaultBoundary', vital: Yes, transaction: No (default: No)
[0DDC:1EB4][2026-05-11T01:27:05]i201: Planned package: vcredist2022_x86, state: Present, default requested: Present, ba requested: Present, execute: None, rollback: None, default cache strategy: Keep, ba requested strategy: Keep, cache: Vital, uncache: No, dependency: None, expected install registration state: (permanent), expected cache registration state: (permanent)
[0DDC:1EB4][2026-05-11T01:27:05]i201: Planned package: vcredist2022_x64, state: Present, default requested: Present, ba requested: Present, execute: None, rollback: None, default cache strategy: Keep, ba requested strategy: Keep, cache: Vital, uncache: No, dependency: None, expected install registration state: (permanent), expected cache registration state: (permanent)
[0DDC:1EB4][2026-05-11T01:27:05]i201: Planned package: vcredist2022_ARM64, state: Absent, default requested: Present, ba requested: None, execute: None, rollback: None, default cache strategy: Keep, ba requested strategy: Keep, cache: No, uncache: No, dependency: None, expected install registration state: (permanent), expected cache registration state: (permanent)
[0DDC:1EB4][2026-05-11T01:27:05]i201: Planned package: MicrosoftDotNet8DesktopRuntimex86, state: Present, default requested: Present, ba requested: Present, execute: None, rollback: None, default cache strategy: Keep, ba requested strategy: Keep, cache: Vital, uncache: No, dependency: None, expected install registration state: (permanent), expected cache registration state: (permanent)
[0DDC:1EB4][2026-05-11T01:27:05]i201: Planned package: MicrosoftDotNet8DesktopRuntimex64, state: Present, default requested: Present, ba requested: Present, execute: None, rollback: None, default cache strategy: Keep, ba requested strategy: Keep, cache: Vital, uncache: No, dependency: None, expected install registration state: (permanent), expected cache registration state: (permanent)
[0DDC:1EB4][2026-05-11T01:27:05]i201: Planned package: MicrosoftDotNet8DesktopRuntimeARM64, state: Present, default requested: Present, ba requested: None, execute: None, rollback: None, default cache strategy: Keep, ba requested strategy: Keep, cache: No, uncache: No, dependency: None, expected install registration state: (permanent), expected cache registration state: (permanent)
[0DDC:1EB4][2026-05-11T01:27:05]i201: Planned package: MicrosoftEdgeWebView2Runtimex86, state: Present, default requested: Present, ba requested: None, execute: None, rollback: None, default cache strategy: Keep, ba requested strategy: Keep, cache: No, uncache: No, dependency: None, expected install registration state: (permanent), expected cache registration state: (permanent)
[0DDC:1EB4][2026-05-11T01:27:05]i201: Planned package: MicrosoftEdgeWebView2Runtimex64, state: Present, default requested: Present, ba requested: Present, execute: None, rollback: None, default cache strategy: Keep, ba requested strategy: Keep, cache: Vital, uncache: No, dependency: None, expected install registration state: (permanent), expected cache registration state: (permanent)
[0DDC:1EB4][2026-05-11T01:27:05]i201: Planned package: Eloquence, state: Absent, default requested: Present, ba requested: Present, execute: Install, rollback: Uninstall, default cache strategy: Keep, ba requested strategy: Keep, cache: Vital, uncache: No, dependency: Register, expected install registration state: Present, expected cache registration state: Present
[0DDC:1EB4][2026-05-11T01:27:05]i201: Planned package: VidAccDriverUninstaller64, state: Absent, default requested: Present, ba requested: Present, execute: Install, rollback: None, default cache strategy: Keep, ba requested strategy: Keep, cache: Vital, uncache: No, dependency: None, expected install registration state: (permanent), expected cache registration state: (permanent)
[0DDC:1EB4][2026-05-11T01:27:05]i201: Planned package: VideoAccessibility64, state: Absent, default requested: Present, ba requested: None, execute: None, rollback: None, default cache strategy: Keep, ba requested strategy: Keep, cache: No, uncache: No, dependency: None, expected install registration state: Absent, expected cache registration state: Absent
[0DDC:1EB4][2026-05-11T01:27:05]i201: Planned package: OnniCompact, state: Absent, default requested: Present, ba requested: None, execute: None, rollback: None, default cache strategy: Keep, ba requested strategy: Keep, cache: No, uncache: No, dependency: None, expected install registration state: (permanent), expected cache registration state: (permanent)
[0DDC:1EB4][2026-05-11T01:27:05]i201: Planned package: HenrikCompact, state: Absent, default requested: Present, ba requested: None, execute: None, rollback: None, default cache strategy: Keep, ba requested strategy: Keep, cache: No, uncache: No, dependency: None, expected install registration state: (permanent), expected cache registration state: (permanent)
[0DDC:1EB4][2026-05-11T01:27:05]i201: Planned package: ClaireCompact, state: Absent, default requested: Present, ba requested: None, execute: None, rollback: None, default cache strategy: Keep, ba requested strategy: Keep, cache: No, uncache: No, dependency: None, expected install registration state: (permanent), expected cache registration state: (permanent)
[0DDC:1EB4][2026-05-11T01:27:05]i201: Planned package: EllenCompact, state: Absent, default requested: Present, ba requested: None, execute: None, rollback: None, default cache strategy: Keep, ba requested strategy: Keep, cache: No, uncache: No, dependency: None, expected install registration state: (permanent), expected cache registration state: (permanent)
[0DDC:1EB4][2026-05-11T01:27:05]i201: Planned package: CarmitCompact, state: Absent, default requested: Present, ba requested: None, execute: None, rollback: None, default cache strategy: Keep, ba requested strategy: Keep, cache: No, uncache: No, dependency: None, expected install registration state: (permanent), expected cache registration state: (permanent)
[0DDC:1EB4][2026-05-11T01:27:05]i201: Planned package: MariskaCompact, state: Absent, default requested: Present, ba requested: None, execute: None, rollback: None, default cache strategy: Keep, ba requested strategy: Keep, cache: No, uncache: No, dependency: None, expected install registration state: (permanent), expected cache registration state: (permanent)
[0DDC:1EB4][2026-05-11T01:27:05]i201: Planned package: SamanthaCompact, state: Absent, default requested: Present, ba requested: None, execute: None, rollback: None, default cache strategy: Keep, ba requested strategy: Keep, cache: No, uncache: No, dependency: None, expected install registration state: (permanent), expected cache registration state: (permanent)
[0DDC:1EB4][2026-05-11T01:27:05]i201: Planned package: LailaCompact, state: Absent, default requested: Present, ba requested: None, execute: None, rollback: None, default cache strategy: Keep, ba requested strategy: Keep, cache: No, uncache: No, dependency: None, expected install registration state: (permanent), expected cache registration state: (permanent)
[0DDC:1EB4][2026-05-11T01:27:05]i201: Planned package: MilenaCompact, state: Absent, default requested: Present, ba requested: None, execute: None, rollback: None, default cache strategy: Keep, ba requested strategy: Keep, cache: No, uncache: No, dependency: None, expected install registration state: (permanent), expected cache registration state: (permanent)
[0DDC:1EB4][2026-05-11T01:27:05]i201: Planned package: SaraCompact, state: Absent, default requested: Present, ba requested: None, execute: None, rollback: None, default cache strategy: Keep, ba requested strategy: Keep, cache: No, uncache: No, dependency: None, expected install registration state: (permanent), expected cache registration state: (permanent)
[0DDC:1EB4][2026-05-11T01:27:05]i201: Planned package: LauraCompact, state: Absent, default requested: Present, ba requested: None, execute: None, rollback: None, default cache strategy: Keep, ba requested strategy: Keep, cache: No, uncache: No, dependency: None, expected install registration state: (permanent), expected cache registration state: (permanent)
[0DDC:1EB4][2026-05-11T01:27:05]i201: Planned package: OskarCompact, state: Absent, default requested: Present, ba requested: None, execute: None, rollback: None, default cache strategy: Keep, ba requested strategy: Keep, cache: No, uncache: No, dependency: None, expected install registration state: (permanent), expected cache registration state: (permanent)
[0DDC:1EB4][2026-05-11T01:27:05]i201: Planned package: YeldaCompact, state: Absent, default requested: Present, ba requested: None, execute: None, rollback: None, default cache strategy: Keep, ba requested strategy: Keep, cache: No, uncache: No, dependency: None, expected install registration state: (permanent), expected cache registration state: (permanent)
[0DDC:1EB4][2026-05-11T01:27:05]i201: Planned package: Utilities64, state: Absent, default requested: Present, ba requested: Present, execute: Install, rollback: Uninstall, default cache strategy: Keep, ba requested strategy: Keep, cache: Vital, uncache: No, dependency: Register, expected install registration state: Present, expected cache registration state: Present
[0DDC:1EB4][2026-05-11T01:27:05]i201: Planned package: UtilitiesARM64, state: Absent, default requested: Present, ba requested: None, execute: None, rollback: None, default cache strategy: Keep, ba requested strategy: Keep, cache: No, uncache: No, dependency: None, expected install registration state: Absent, expected cache registration state: Absent
[0DDC:1EB4][2026-05-11T01:27:05]i201: Planned package: UninstallSentinelSystemDriver750, state: Absent, default requested: Absent, ba requested: Absent, execute: None, rollback: None, default cache strategy: Keep, ba requested strategy: Keep, cache: No, uncache: Yes, dependency: None, expected install registration state: Absent, expected cache registration state: Absent
[0DDC:1EB4][2026-05-11T01:27:05]i201: Planned package: UninstallSentinelSystemDriver761, state: Absent, default requested: Absent, ba requested: Absent, execute: None, rollback: None, default cache strategy: Keep, ba requested strategy: Keep, cache: No, uncache: Yes, dependency: None, expected install registration state: Absent, expected cache registration state: Absent
[0DDC:1EB4][2026-05-11T01:27:05]i201: Planned package: SentinelProtectionInstaller, state: Absent, default requested: Present, ba requested: Present, execute: Install, rollback: None, default cache strategy: Keep, ba requested strategy: Keep, cache: Vital, uncache: No, dependency: Register, expected install registration state: (permanent), expected cache registration state: (permanent)
[0DDC:1EB4][2026-05-11T01:27:05]i201: Planned package: FsElevation64, state: Absent, default requested: Present, ba requested: Present, execute: Install, rollback: Uninstall, default cache strategy: Keep, ba requested strategy: Keep, cache: Vital, uncache: No, dependency: Register, expected install registration state: Present, expected cache registration state: Present
[0DDC:1EB4][2026-05-11T01:27:05]i201: Planned package: FsElevationARM64, state: Absent, default requested: Present, ba requested: None, execute: None, rollback: None, default cache strategy: Keep, ba requested strategy: Keep, cache: No, uncache: No, dependency: None, expected install registration state: Absent, expected cache registration state: Absent
[0DDC:1EB4][2026-05-11T01:27:05]i201: Planned package: FsTxtSvc64, state: Absent, default requested: Present, ba requested: None, execute: None, rollback: None, default cache strategy: Keep, ba requested strategy: Keep, cache: No, uncache: No, dependency: None, expected install registration state: Absent, expected cache registration state: Absent
[0DDC:1EB4][2026-05-11T01:27:05]i201: Planned package: FsTxtSvcARM64, state: Absent, default requested: Present, ba requested: None, execute: None, rollback: None, default cache strategy: Keep, ba requested strategy: Keep, cache: No, uncache: No, dependency: None, expected install registration state: Absent, expected cache registration state: Absent
[0DDC:1EB4][2026-05-11T01:27:05]i201: Planned package: fsSynth, state: Absent, default requested: Present, ba requested: Present, execute: Install, rollback: Uninstall, default cache strategy: Keep, ba requested strategy: Keep, cache: Vital, uncache: No, dependency: Register, expected install registration state: Present, expected cache registration state: Present
[0DDC:1EB4][2026-05-11T01:27:05]i201: Planned package: fsSynthARM64, state: Absent, default requested: Present, ba requested: None, execute: None, rollback: None, default cache strategy: Keep, ba requested strategy: Keep, cache: No, uncache: No, dependency: None, expected install registration state: Absent, expected cache registration state: Absent
[0DDC:1EB4][2026-05-11T01:27:05]i201: Planned package: UIAHooks64, state: Absent, default requested: Present, ba requested: Present, execute: Install, rollback: Uninstall, default cache strategy: Keep, ba requested strategy: Keep, cache: Vital, uncache: No, dependency: Register, expected install registration state: Present, expected cache registration state: Present
[0DDC:1EB4][2026-05-11T01:27:05]i201: Planned package: UIAHooksARM64, state: Absent, default requested: Present, ba requested: None, execute: None, rollback: None, default cache strategy: Keep, ba requested strategy: Keep, cache: No, uncache: No, dependency: None, expected install registration state: Absent, expected cache registration state: Absent
[0DDC:1EB4][2026-05-11T01:27:05]i201: Planned package: HookManager64, state: Absent, default requested: Present, ba requested: Present, execute: Install, rollback: Uninstall, default cache strategy: Keep, ba requested strategy: Keep, cache: Vital, uncache: No, dependency: Register, expected install registration state: Present, expected cache registration state: Present
[0DDC:1EB4][2026-05-11T01:27:05]i201: Planned package: HookManagerARM64, state: Absent, default requested: Present, ba requested: None, execute: None, rollback: None, default cache strategy: Keep, ba requested strategy: Keep, cache: No, uncache: No, dependency: None, expected install registration state: Absent, expected cache registration state: Absent
[0DDC:1EB4][2026-05-11T01:27:05]i201: Planned package: AccEventCache64, state: Absent, default requested: Present, ba requested: Present, execute: Install, rollback: Uninstall, default cache strategy: Keep, ba requested strategy: Keep, cache: Vital, uncache: No, dependency: Register, expected install registration state: Present, expected cache registration state: Present
[0DDC:1EB4][2026-05-11T01:27:05]i201: Planned package: AccEventCacheARM64, state: Absent, default requested: Present, ba requested: None, execute: None, rollback: None, default cache strategy: Keep, ba requested strategy: Keep, cache: No, uncache: No, dependency: None, expected install registration state: Absent, expected cache registration state: Absent
[0DDC:1EB4][2026-05-11T01:27:05]i201: Planned package: GlobalHooksDispatcher64, state: Absent, default requested: Present, ba requested: Present, execute: Install, rollback: Uninstall, default cache strategy: Keep, ba requested strategy: Keep, cache: Vital, uncache: No, dependency: Register, expected install registration state: Present, expected cache registration state: Present
[0DDC:1EB4][2026-05-11T01:27:05]i201: Planned package: GlobalHooksDispatcherARM64, state: Absent, default requested: Present, ba requested: None, execute: None, rollback: None, default cache strategy: Keep, ba requested strategy: Keep, cache: No, uncache: No, dependency: None, expected install registration state: Absent, expected cache registration state: Absent
[0DDC:1EB4][2026-05-11T01:27:05]i201: Planned package: GateManager64, state: Absent, default requested: Present, ba requested: Present, execute: Install, rollback: Uninstall, default cache strategy: Keep, ba requested strategy: Keep, cache: Vital, uncache: No, dependency: Register, expected install registration state: Present, expected cache registration state: Present
[0DDC:1EB4][2026-05-11T01:27:05]i201: Planned package: GateManagerARM64, state: Absent, default requested: Present, ba requested: None, execute: None, rollback: None, default cache strategy: Keep, ba requested strategy: Keep, cache: No, uncache: No, dependency: None, expected install registration state: Absent, expected cache registration state: Absent
[0DDC:1EB4][2026-05-11T01:27:05]i201: Planned package: FSReader64, state: Absent, default requested: Present, ba requested: Present, execute: Install, rollback: None, default cache strategy: Keep, ba requested strategy: Keep, cache: Vital, uncache: No, dependency: Register, expected install registration state: (permanent), expected cache registration state: (permanent)
[0DDC:1EB4][2026-05-11T01:27:05]i201: Planned package: FSReaderARM64, state: Absent, default requested: Present, ba requested: None, execute: None, rollback: None, default cache strategy: Keep, ba requested strategy: Keep, cache: No, uncache: No, dependency: None, expected install registration state: (permanent), expected cache registration state: (permanent)
[0DDC:1EB4][2026-05-11T01:27:05]i201: Planned package: TableOfContents64, state: Absent, default requested: Present, ba requested: Present, execute: Install, rollback: None, default cache strategy: Keep, ba requested strategy: Keep, cache: Vital, uncache: No, dependency: Register, expected install registration state: (permanent), expected cache registration state: (permanent)
[0DDC:1EB4][2026-05-11T01:27:05]i201: Planned package: FSOmniPage, state: Absent, default requested: Present, ba requested: Present, execute: Install, rollback: Uninstall, default cache strategy: Keep, ba requested strategy: Keep, cache: Vital, uncache: No, dependency: Register, expected install registration state: Present, expected cache registration state: Present
[0DDC:1EB4][2026-05-11T01:27:05]i201: Planned package: FSOmniPageAsian, state: Absent, default requested: Present, ba requested: None, execute: None, rollback: None, default cache strategy: Keep, ba requested strategy: Keep, cache: No, uncache: No, dependency: None, expected install registration state: Absent, expected cache registration state: Absent
[0DDC:1EB4][2026-05-11T01:27:05]i201: Planned package: FSOcr64, state: Absent, default requested: Present, ba requested: Present, execute: Install, rollback: Uninstall, default cache strategy: Keep, ba requested strategy: Keep, cache: Vital, uncache: No, dependency: Register, expected install registration state: Present, expected cache registration state: Present
[0DDC:1EB4][2026-05-11T01:27:05]i201: Planned package: FSOcrARM64, state: Absent, default requested: Present, ba requested: None, execute: None, rollback: None, default cache strategy: Keep, ba requested strategy: Keep, cache: No, uncache: No, dependency: None, expected install registration state: Absent, expected cache registration state: Absent
[0DDC:1EB4][2026-05-11T01:27:05]i201: Planned package: FSSupportTool64, state: Absent, default requested: Present, ba requested: Present, execute: Install, rollback: Uninstall, default cache strategy: Keep, ba requested strategy: Keep, cache: Vital, uncache: No, dependency: Register, expected install registration state: Present, expected cache registration state: Present
[0DDC:1EB4][2026-05-11T01:27:05]i201: Planned package: FSSupportToolARM64, state: Absent, default requested: Present, ba requested: None, execute: None, rollback: None, default cache strategy: Keep, ba requested strategy: Keep, cache: No, uncache: No, dependency: None, expected install registration state: Absent, expected cache registration state: Absent
[0DDC:1EB4][2026-05-11T01:27:05]i201: Planned package: ErrorReporting64, state: Absent, default requested: Present, ba requested: Present, execute: Install, rollback: Uninstall, default cache strategy: Keep, ba requested strategy: Keep, cache: Vital, uncache: No, dependency: Register, expected install registration state: Present, expected cache registration state: Present
[0DDC:1EB4][2026-05-11T01:27:05]i201: Planned package: ErrorReportingARM64, state: Absent, default requested: Present, ba requested: None, execute: None, rollback: None, default cache strategy: Keep, ba requested strategy: Keep, cache: No, uncache: No, dependency: None, expected install registration state: Absent, expected cache registration state: Absent
[0DDC:1EB4][2026-05-11T01:27:05]i201: Planned package: TouchServer64, state: Absent, default requested: Present, ba requested: Present, execute: Install, rollback: Uninstall, default cache strategy: Keep, ba requested strategy: Keep, cache: Vital, uncache: No, dependency: Register, expected install registration state: Present, expected cache registration state: Present
[0DDC:1EB4][2026-05-11T01:27:05]i201: Planned package: TouchServerARM64, state: Absent, default requested: Present, ba requested: None, execute: None, rollback: None, default cache strategy: Keep, ba requested strategy: Keep, cache: No, uncache: No, dependency: None, expected install registration state: Absent, expected cache registration state: Absent
[0DDC:1EB4][2026-05-11T01:27:05]i201: Planned package: FusionInterface64, state: Absent, default requested: Present, ba requested: Present, execute: Install, rollback: Uninstall, default cache strategy: Keep, ba requested strategy: Keep, cache: Vital, uncache: No, dependency: Register, expected install registration state: Present, expected cache registration state: Present
[0DDC:1EB4][2026-05-11T01:27:05]i201: Planned package: Authorization64, state: Absent, default requested: Present, ba requested: Present, execute: Install, rollback: Uninstall, default cache strategy: Keep, ba requested strategy: Keep, cache: Vital, uncache: No, dependency: Register, expected install registration state: Present, expected cache registration state: Present
[0DDC:1EB4][2026-05-11T01:27:05]i201: Planned package: UnifiedKeyboard, state: Absent, default requested: Present, ba requested: Present, execute: Install, rollback: Uninstall, default cache strategy: Keep, ba requested strategy: Keep, cache: Vital, uncache: No, dependency: Register, expected install registration state: Present, expected cache registration state: Present
[0DDC:1EB4][2026-05-11T01:27:05]i201: Planned package: UnifiedKeyboardARM64, state: Absent, default requested: Present, ba requested: None, execute: None, rollback: None, default cache strategy: Keep, ba requested strategy: Keep, cache: No, uncache: No, dependency: None, expected install registration state: Absent, expected cache registration state: Absent
[0DDC:1EB4][2026-05-11T01:27:05]i201: Planned package: FSCam64, state: Absent, default requested: Present, ba requested: Present, execute: Install, rollback: Uninstall, default cache strategy: Keep, ba requested strategy: Keep, cache: Vital, uncache: No, dependency: Register, expected install registration state: Present, expected cache registration state: Present
[0DDC:1EB4][2026-05-11T01:27:05]i201: Planned package: UninstallRDP64, state: Absent, default requested: Absent, ba requested: None, execute: None, rollback: None, default cache strategy: Keep, ba requested strategy: Keep, cache: No, uncache: No, dependency: None, expected install registration state: Absent, expected cache registration state: Absent
[0DDC:1EB4][2026-05-11T01:27:05]i201: Planned package: RDP64, state: Absent, default requested: Present, ba requested: Present, execute: Install, rollback: Uninstall, default cache strategy: Keep, ba requested strategy: Keep, cache: Vital, uncache: No, dependency: Register, expected install registration state: Present, expected cache registration state: Present
[0DDC:1EB4][2026-05-11T01:27:05]i201: Planned package: RDPARM64, state: Absent, default requested: Present, ba requested: None, execute: None, rollback: None, default cache strategy: Keep, ba requested strategy: Keep, cache: No, uncache: No, dependency: None, expected install registration state: Absent, expected cache registration state: Absent
[0DDC:1EB4][2026-05-11T01:27:05]i201: Planned package: Telemetry64, state: Absent, default requested: Present, ba requested: Present, execute: Install, rollback: Uninstall, default cache strategy: Keep, ba requested strategy: Keep, cache: Vital, uncache: No, dependency: Register, expected install registration state: Present, expected cache registration state: Present
[0DDC:1EB4][2026-05-11T01:27:05]i201: Planned package: TelemetryARM64, state: Absent, default requested: Present, ba requested: None, execute: None, rollback: None, default cache strategy: Keep, ba requested strategy: Keep, cache: No, uncache: No, dependency: None, expected install registration state: Absent, expected cache registration state: Absent
[0DDC:1EB4][2026-05-11T01:27:05]i201: Planned package: VoiceAssistant64, state: Absent, default requested: Present, ba requested: Present, execute: Install, rollback: Uninstall, default cache strategy: Keep, ba requested strategy: Keep, cache: Vital, uncache: No, dependency: Register, expected install registration state: Present, expected cache registration state: Present
[0DDC:1EB4][2026-05-11T01:27:05]i201: Planned package: VoiceAssistantARM64, state: Absent, default requested: Present, ba requested: None, execute: None, rollback: None, default cache strategy: Keep, ba requested strategy: Keep, cache: No, uncache: No, dependency: None, expected install registration state: Absent, expected cache registration state: Absent
[0DDC:1EB4][2026-05-11T01:27:05]i201: Planned package: JAWS64, state: Absent, default requested: Present, ba requested: Present, execute: Install, rollback: Uninstall, default cache strategy: Keep, ba requested strategy: Keep, cache: Vital, uncache: No, dependency: Register, expected install registration state: Present, expected cache registration state: Present
[0DDC:1EB4][2026-05-11T01:27:05]i201: Planned package: JAWSARM64, state: Absent, default requested: Present, ba requested: None, execute: None, rollback: None, default cache strategy: Keep, ba requested strategy: Keep, cache: No, uncache: No, dependency: None, expected install registration state: Absent, expected cache registration state: Absent
[0DDC:1EB4][2026-05-11T01:27:05]i201: Planned package: JAWSLanguage64enu, state: Absent, default requested: Present, ba requested: Present, execute: Install, rollback: Uninstall, default cache strategy: Keep, ba requested strategy: Keep, cache: Vital, uncache: No, dependency: Register, expected install registration state: Present, expected cache registration state: Present
[0DDC:1EB4][2026-05-11T01:27:05]i201: Planned package: JAWSLanguageARM64enu, state: Absent, default requested: Present, ba requested: None, execute: None, rollback: None, default cache strategy: Keep, ba requested strategy: Keep, cache: No, uncache: No, dependency: None, expected install registration state: Absent, expected cache registration state: Absent
[0DDC:1EB4][2026-05-11T01:27:05]i201: Planned package: Xerces64, state: Absent, default requested: Present, ba requested: Present, execute: Install, rollback: Uninstall, default cache strategy: Keep, ba requested strategy: Keep, cache: Vital, uncache: No, dependency: Register, expected install registration state: Present, expected cache registration state: Present
[0DDC:1EB4][2026-05-11T01:27:05]i201: Planned package: JAWSLanguage64arb, state: Absent, default requested: Present, ba requested: None, execute: None, rollback: None, default cache strategy: Keep, ba requested strategy: Keep, cache: No, uncache: No, dependency: None, expected install registration state: Absent, expected cache registration state: Absent
[0DDC:1EB4][2026-05-11T01:27:05]i201: Planned package: JAWSLanguageARM64arb, state: Absent, default requested: Present, ba requested: None, execute: None, rollback: None, default cache strategy: Keep, ba requested strategy: Keep, cache: No, uncache: No, dependency: None, expected install registration state: Absent, expected cache registration state: Absent
[0DDC:1EB4][2026-05-11T01:27:05]i201: Planned package: JAWSLanguage64dan, state: Absent, default requested: Present, ba requested: None, execute: None, rollback: None, default cache strategy: Keep, ba requested strategy: Keep, cache: No, uncache: No, dependency: None, expected install registration state: Absent, expected cache registration state: Absent
[0DDC:1EB4][2026-05-11T01:27:05]i201: Planned package: JAWSLanguageARM64dan, state: Absent, default requested: Present, ba requested: None, execute: None, rollback: None, default cache strategy: Keep, ba requested strategy: Keep, cache: No, uncache: No, dependency: None, expected install registration state: Absent, expected cache registration state: Absent
[0DDC:1EB4][2026-05-11T01:27:05]i201: Planned package: JAWSLanguage64deu, state: Absent, default requested: Present, ba requested: None, execute: None, rollback: None, default cache strategy: Keep, ba requested strategy: Keep, cache: No, uncache: No, dependency: None, expected install registration state: Absent, expected cache registration state: Absent
[0DDC:1EB4][2026-05-11T01:27:05]i201: Planned package: JAWSLanguageARM64deu, state: Absent, default requested: Present, ba requested: None, execute: None, rollback: None, default cache strategy: Keep, ba requested strategy: Keep, cache: No, uncache: No, dependency: None, expected install registration state: Absent, expected cache registration state: Absent
[0DDC:1EB4][2026-05-11T01:27:05]i201: Planned package: JAWSLanguage64esn, state: Absent, default requested: Present, ba requested: None, execute: None, rollback: None, default cache strategy: Keep, ba requested strategy: Keep, cache: No, uncache: No, dependency: None, expected install registration state: Absent, expected cache registration state: Absent
[0DDC:1EB4][2026-05-11T01:27:05]i201: Planned package: JAWSLanguageARM64esn, state: Absent, default requested: Present, ba requested: None, execute: None, rollback: None, default cache strategy: Keep, ba requested strategy: Keep, cache: No, uncache: No, dependency: None, expected install registration state: Absent, expected cache registration state: Absent
[0DDC:1EB4][2026-05-11T01:27:05]i201: Planned package: JAWSLanguage64fin, state: Absent, default requested: Present, ba requested: None, execute: None, rollback: None, default cache strategy: Keep, ba requested strategy: Keep, cache: No, uncache: No, dependency: None, expected install registration state: Absent, expected cache registration state: Absent
[0DDC:1EB4][2026-05-11T01:27:05]i201: Planned package: JAWSLanguageARM64fin, state: Absent, default requested: Present, ba requested: None, execute: None, rollback: None, default cache strategy: Keep, ba requested strategy: Keep, cache: No, uncache: No, dependency: None, expected install registration state: Absent, expected cache registration state: Absent
[0DDC:1EB4][2026-05-11T01:27:05]i201: Planned package: JAWSLanguage64fra, state: Absent, default requested: Present, ba requested: None, execute: None, rollback: None, default cache strategy: Keep, ba requested strategy: Keep, cache: No, uncache: No, dependency: None, expected install registration state: Absent, expected cache registration state: Absent
[0DDC:1EB4][2026-05-11T01:27:05]i201: Planned package: JAWSLanguageARM64fra, state: Absent, default requested: Present, ba requested: None, execute: None, rollback: None, default cache strategy: Keep, ba requested strategy: Keep, cache: No, uncache: No, dependency: None, expected install registration state: Absent, expected cache registration state: Absent
[0DDC:1EB4][2026-05-11T01:27:05]i201: Planned package: JAWSLanguage64frc, state: Absent, default requested: Present, ba requested: None, execute: None, rollback: None, default cache strategy: Keep, ba requested strategy: Keep, cache: No, uncache: No, dependency: None, expected install registration state: Absent, expected cache registration state: Absent
[0DDC:1EB4][2026-05-11T01:27:05]i201: Planned package: JAWSLanguageARM64frc, state: Absent, default requested: Present, ba requested: None, execute: None, rollback: None, default cache strategy: Keep, ba requested strategy: Keep, cache: No, uncache: No, dependency: None, expected install registration state: Absent, expected cache registration state: Absent
[0DDC:1EB4][2026-05-11T01:27:05]i201: Planned package: JAWSLanguage64heb, state: Absent, default requested: Present, ba requested: None, execute: None, rollback: None, default cache strategy: Keep, ba requested strategy: Keep, cache: No, uncache: No, dependency: None, expected install registration state: Absent, expected cache registration state: Absent
[0DDC:1EB4][2026-05-11T01:27:05]i201: Planned package: JAWSLanguageARM64heb, state: Absent, default requested: Present, ba requested: None, execute: None, rollback: None, default cache strategy: Keep, ba requested strategy: Keep, cache: No, uncache: No, dependency: None, expected install registration state: Absent, expected cache registration state: Absent
[0DDC:1EB4][2026-05-11T01:27:05]i201: Planned package: JAWSLanguage64hun, state: Absent, default requested: Present, ba requested: None, execute: None, rollback: None, default cache strategy: Keep, ba requested strategy: Keep, cache: No, uncache: No, dependency: None, expected install registration state: Absent, expected cache registration state: Absent
[0DDC:1EB4][2026-05-11T01:27:05]i201: Planned package: JAWSLanguageARM64hun, state: Absent, default requested: Present, ba requested: None, execute: None, rollback: None, default cache strategy: Keep, ba requested strategy: Keep, cache: No, uncache: No, dependency: None, expected install registration state: Absent, expected cache registration state: Absent
[0DDC:1EB4][2026-05-11T01:27:05]i201: Planned package: JAWSLanguage64ita, state: Absent, default requested: Present, ba requested: None, execute: None, rollback: None, default cache strategy: Keep, ba requested strategy: Keep, cache: No, uncache: No, dependency: None, expected install registration state: Absent, expected cache registration state: Absent
[0DDC:1EB4][2026-05-11T01:27:05]i201: Planned package: JAWSLanguageARM64ita, state: Absent, default requested: Present, ba requested: None, execute: None, rollback: None, default cache strategy: Keep, ba requested strategy: Keep, cache: No, uncache: No, dependency: None, expected install registration state: Absent, expected cache registration state: Absent
[0DDC:1EB4][2026-05-11T01:27:05]i201: Planned package: JAWSLanguage64kkz, state: Absent, default requested: Present, ba requested: None, execute: None, rollback: None, default cache strategy: Keep, ba requested strategy: Keep, cache: No, uncache: No, dependency: None, expected install registration state: Absent, expected cache registration state: Absent
[0DDC:1EB4][2026-05-11T01:27:05]i201: Planned package: JAWSLanguageARM64kkz, state: Absent, default requested: Present, ba requested: None, execute: None, rollback: None, default cache strategy: Keep, ba requested strategy: Keep, cache: No, uncache: No, dependency: None, expected install registration state: Absent, expected cache registration state: Absent
[0DDC:1EB4][2026-05-11T01:27:05]i201: Planned package: JAWSLanguage64nlb, state: Absent, default requested: Present, ba requested: None, execute: None, rollback: None, default cache strategy: Keep, ba requested strategy: Keep, cache: No, uncache: No, dependency: None, expected install registration state: Absent, expected cache registration state: Absent
[0DDC:1EB4][2026-05-11T01:27:05]i201: Planned package: JAWSLanguageARM64nlb, state: Absent, default requested: Present, ba requested: None, execute: None, rollback: None, default cache strategy: Keep, ba requested strategy: Keep, cache: No, uncache: No, dependency: None, expected install registration state: Absent, expected cache registration state: Absent
[0DDC:1EB4][2026-05-11T01:27:05]i201: Planned package: JAWSLanguage64nld, state: Absent, default requested: Present, ba requested: None, execute: None, rollback: None, default cache strategy: Keep, ba requested strategy: Keep, cache: No, uncache: No, dependency: None, expected install registration state: Absent, expected cache registration state: Absent
[0DDC:1EB4][2026-05-11T01:27:05]i201: Planned package: JAWSLanguageARM64nld, state: Absent, default requested: Present, ba requested: None, execute: None, rollback: None, default cache strategy: Keep, ba requested strategy: Keep, cache: No, uncache: No, dependency: None, expected install registration state: Absent, expected cache registration state: Absent
[0DDC:1EB4][2026-05-11T01:27:05]i201: Planned package: JAWSLanguage64nor, state: Absent, default requested: Present, ba requested: None, execute: None, rollback: None, default cache strategy: Keep, ba requested strategy: Keep, cache: No, uncache: No, dependency: None, expected install registration state: Absent, expected cache registration state: Absent
[0DDC:1EB4][2026-05-11T01:27:05]i201: Planned package: JAWSLanguageARM64nor, state: Absent, default requested: Present, ba requested: None, execute: None, rollback: None, default cache strategy: Keep, ba requested strategy: Keep, cache: No, uncache: No, dependency: None, expected install registration state: Absent, expected cache registration state: Absent
[0DDC:1EB4][2026-05-11T01:27:05]i201: Planned package: JAWSLanguage64ptb, state: Absent, default requested: Present, ba requested: None, execute: None, rollback: None, default cache strategy: Keep, ba requested strategy: Keep, cache: No, uncache: No, dependency: None, expected install registration state: Absent, expected cache registration state: Absent
[0DDC:1EB4][2026-05-11T01:27:05]i201: Planned package: JAWSLanguageARM64ptb, state: Absent, default requested: Present, ba requested: None, execute: None, rollback: None, default cache strategy: Keep, ba requested strategy: Keep, cache: No, uncache: No, dependency: None, expected install registration state: Absent, expected cache registration state: Absent
[0DDC:1EB4][2026-05-11T01:27:05]i201: Planned package: JAWSLanguage64rus, state: Absent, default requested: Present, ba requested: None, execute: None, rollback: None, default cache strategy: Keep, ba requested strategy: Keep, cache: No, uncache: No, dependency: None, expected install registration state: Absent, expected cache registration state: Absent
[0DDC:1EB4][2026-05-11T01:27:05]i201: Planned package: JAWSLanguageARM64rus, state: Absent, default requested: Present, ba requested: None, execute: None, rollback: None, default cache strategy: Keep, ba requested strategy: Keep, cache: No, uncache: No, dependency: None, expected install registration state: Absent, expected cache registration state: Absent
[0DDC:1EB4][2026-05-11T01:27:05]i201: Planned package: JAWSLanguage64sky, state: Absent, default requested: Present, ba requested: None, execute: None, rollback: None, default cache strategy: Keep, ba requested strategy: Keep, cache: No, uncache: No, dependency: None, expected install registration state: Absent, expected cache registration state: Absent
[0DDC:1EB4][2026-05-11T01:27:05]i201: Planned package: JAWSLanguageARM64sky, state: Absent, default requested: Present, ba requested: None, execute: None, rollback: None, default cache strategy: Keep, ba requested strategy: Keep, cache: No, uncache: No, dependency: None, expected install registration state: Absent, expected cache registration state: Absent
[0DDC:1EB4][2026-05-11T01:27:05]i201: Planned package: JAWSLanguage64sve, state: Absent, default requested: Present, ba requested: None, execute: None, rollback: None, default cache strategy: Keep, ba requested strategy: Keep, cache: No, uncache: No, dependency: None, expected install registration state: Absent, expected cache registration state: Absent
[0DDC:1EB4][2026-05-11T01:27:05]i201: Planned package: JAWSLanguageARM64sve, state: Absent, default requested: Present, ba requested: None, execute: None, rollback: None, default cache strategy: Keep, ba requested strategy: Keep, cache: No, uncache: No, dependency: None, expected install registration state: Absent, expected cache registration state: Absent
[0DDC:1EB4][2026-05-11T01:27:05]i201: Planned package: JAWSLanguage64trk, state: Absent, default requested: Present, ba requested: None, execute: None, rollback: None, default cache strategy: Keep, ba requested strategy: Keep, cache: No, uncache: No, dependency: None, expected install registration state: Absent, expected cache registration state: Absent
[0DDC:1EB4][2026-05-11T01:27:05]i201: Planned package: JAWSLanguageARM64trk, state: Absent, default requested: Present, ba requested: None, execute: None, rollback: None, default cache strategy: Keep, ba requested strategy: Keep, cache: No, uncache: No, dependency: None, expected install registration state: Absent, expected cache registration state: Absent
[0DDC:1EB4][2026-05-11T01:27:05]i201: Planned package: JAWSLanguage64ukr, state: Absent, default requested: Present, ba requested: None, execute: None, rollback: None, default cache strategy: Keep, ba requested strategy: Keep, cache: No, uncache: No, dependency: None, expected install registration state: Absent, expected cache registration state: Absent
[0DDC:1EB4][2026-05-11T01:27:05]i201: Planned package: JAWSLanguageARM64ukr, state: Absent, default requested: Present, ba requested: None, execute: None, rollback: None, default cache strategy: Keep, ba requested strategy: Keep, cache: No, uncache: No, dependency: None, expected install registration state: Absent, expected cache registration state: Absent
[0DDC:1EB4][2026-05-11T01:27:05]i201: Planned package: JAWSStart64arb, state: Absent, default requested: Present, ba requested: None, execute: None, rollback: None, default cache strategy: Keep, ba requested strategy: Keep, cache: No, uncache: No, dependency: None, expected install registration state: Absent, expected cache registration state: Absent
[0DDC:1EB4][2026-05-11T01:27:05]i201: Planned package: JAWSStartARM64arb, state: Absent, default requested: Present, ba requested: None, execute: None, rollback: None, default cache strategy: Keep, ba requested strategy: Keep, cache: No, uncache: No, dependency: None, expected install registration state: Absent, expected cache registration state: Absent
[0DDC:1EB4][2026-05-11T01:27:05]i201: Planned package: JAWSStart64deu, state: Absent, default requested: Present, ba requested: None, execute: None, rollback: None, default cache strategy: Keep, ba requested strategy: Keep, cache: No, uncache: No, dependency: None, expected install registration state: Absent, expected cache registration state: Absent
[0DDC:1EB4][2026-05-11T01:27:05]i201: Planned package: JAWSStartARM64deu, state: Absent, default requested: Present, ba requested: None, execute: None, rollback: None, default cache strategy: Keep, ba requested strategy: Keep, cache: No, uncache: No, dependency: None, expected install registration state: Absent, expected cache registration state: Absent
[0DDC:1EB4][2026-05-11T01:27:05]i201: Planned package: JAWSStart64dan, state: Absent, default requested: Present, ba requested: None, execute: None, rollback: None, default cache strategy: Keep, ba requested strategy: Keep, cache: No, uncache: No, dependency: None, expected install registration state: Absent, expected cache registration state: Absent
[0DDC:1EB4][2026-05-11T01:27:05]i201: Planned package: JAWSStartARM64dan, state: Absent, default requested: Present, ba requested: None, execute: None, rollback: None, default cache strategy: Keep, ba requested strategy: Keep, cache: No, uncache: No, dependency: None, expected install registration state: Absent, expected cache registration state: Absent
[0DDC:1EB4][2026-05-11T01:27:05]i201: Planned package: JAWSStart64enu, state: Absent, default requested: Present, ba requested: Present, execute: Install, rollback: Uninstall, default cache strategy: Keep, ba requested strategy: Keep, cache: Vital, uncache: No, dependency: Register, expected install registration state: Present, expected cache registration state: Present
[0DDC:1EB4][2026-05-11T01:27:05]i201: Planned package: JAWSStartARM64enu, state: Absent, default requested: Present, ba requested: None, execute: None, rollback: None, default cache strategy: Keep, ba requested strategy: Keep, cache: No, uncache: No, dependency: None, expected install registration state: Absent, expected cache registration state: Absent
[0DDC:1EB4][2026-05-11T01:27:05]i201: Planned package: JAWSStart64esn, state: Absent, default requested: Present, ba requested: None, execute: None, rollback: None, default cache strategy: Keep, ba requested strategy: Keep, cache: No, uncache: No, dependency: None, expected install registration state: Absent, expected cache registration state: Absent
[0DDC:1EB4][2026-05-11T01:27:05]i201: Planned package: JAWSStartARM64esn, state: Absent, default requested: Present, ba requested: None, execute: None, rollback: None, default cache strategy: Keep, ba requested strategy: Keep, cache: No, uncache: No, dependency: None, expected install registration state: Absent, expected cache registration state: Absent
[0DDC:1EB4][2026-05-11T01:27:05]i201: Planned package: JAWSStart64fin, state: Absent, default requested: Present, ba requested: None, execute: None, rollback: None, default cache strategy: Keep, ba requested strategy: Keep, cache: No, uncache: No, dependency: None, expected install registration state: Absent, expected cache registration state: Absent
[0DDC:1EB4][2026-05-11T01:27:05]i201: Planned package: JAWSStartARM64fin, state: Absent, default requested: Present, ba requested: None, execute: None, rollback: None, default cache strategy: Keep, ba requested strategy: Keep, cache: No, uncache: No, dependency: None, expected install registration state: Absent, expected cache registration state: Absent
[0DDC:1EB4][2026-05-11T01:27:05]i201: Planned package: JAWSStart64fra, state: Absent, default requested: Present, ba requested: None, execute: None, rollback: None, default cache strategy: Keep, ba requested strategy: Keep, cache: No, uncache: No, dependency: None, expected install registration state: Absent, expected cache registration state: Absent
[0DDC:1EB4][2026-05-11T01:27:05]i201: Planned package: JAWSStartARM64fra, state: Absent, default requested: Present, ba requested: None, execute: None, rollback: None, default cache strategy: Keep, ba requested strategy: Keep, cache: No, uncache: No, dependency: None, expected install registration state: Absent, expected cache registration state: Absent
[0DDC:1EB4][2026-05-11T01:27:05]i201: Planned package: JAWSStart64frc, state: Absent, default requested: Present, ba requested: None, execute: None, rollback: None, default cache strategy: Keep, ba requested strategy: Keep, cache: No, uncache: No, dependency: None, expected install registration state: Absent, expected cache registration state: Absent
[0DDC:1EB4][2026-05-11T01:27:05]i201: Planned package: JAWSStartARM64frc, state: Absent, default requested: Present, ba requested: None, execute: None, rollback: None, default cache strategy: Keep, ba requested strategy: Keep, cache: No, uncache: No, dependency: None, expected install registration state: Absent, expected cache registration state: Absent
[0DDC:1EB4][2026-05-11T01:27:05]i201: Planned package: JAWSStart64heb, state: Absent, default requested: Present, ba requested: None, execute: None, rollback: None, default cache strategy: Keep, ba requested strategy: Keep, cache: No, uncache: No, dependency: None, expected install registration state: Absent, expected cache registration state: Absent
[0DDC:1EB4][2026-05-11T01:27:05]i201: Planned package: JAWSStartARM64heb, state: Absent, default requested: Present, ba requested: None, execute: None, rollback: None, default cache strategy: Keep, ba requested strategy: Keep, cache: No, uncache: No, dependency: None, expected install registration state: Absent, expected cache registration state: Absent
[0DDC:1EB4][2026-05-11T01:27:05]i201: Planned package: JAWSStart64hun, state: Absent, default requested: Present, ba requested: None, execute: None, rollback: None, default cache strategy: Keep, ba requested strategy: Keep, cache: No, uncache: No, dependency: None, expected install registration state: Absent, expected cache registration state: Absent
[0DDC:1EB4][2026-05-11T01:27:05]i201: Planned package: JAWSStartARM64hun, state: Absent, default requested: Present, ba requested: None, execute: None, rollback: None, default cache strategy: Keep, ba requested strategy: Keep, cache: No, uncache: No, dependency: None, expected install registration state: Absent, expected cache registration state: Absent
[0DDC:1EB4][2026-05-11T01:27:05]i201: Planned package: JAWSStart64ita, state: Absent, default requested: Present, ba requested: None, execute: None, rollback: None, default cache strategy: Keep, ba requested strategy: Keep, cache: No, uncache: No, dependency: None, expected install registration state: Absent, expected cache registration state: Absent
[0DDC:1EB4][2026-05-11T01:27:05]i201: Planned package: JAWSStartARM64ita, state: Absent, default requested: Present, ba requested: None, execute: None, rollback: None, default cache strategy: Keep, ba requested strategy: Keep, cache: No, uncache: No, dependency: None, expected install registration state: Absent, expected cache registration state: Absent
[0DDC:1EB4][2026-05-11T01:27:05]i201: Planned package: JAWSStart64kkz, state: Absent, default requested: Present, ba requested: None, execute: None, rollback: None, default cache strategy: Keep, ba requested strategy: Keep, cache: No, uncache: No, dependency: None, expected install registration state: Absent, expected cache registration state: Absent
[0DDC:1EB4][2026-05-11T01:27:05]i201: Planned package: JAWSStartARM64kkz, state: Absent, default requested: Present, ba requested: None, execute: None, rollback: None, default cache strategy: Keep, ba requested strategy: Keep, cache: No, uncache: No, dependency: None, expected install registration state: Absent, expected cache registration state: Absent
[0DDC:1EB4][2026-05-11T01:27:05]i201: Planned package: JAWSStart64nlb, state: Absent, default requested: Present, ba requested: None, execute: None, rollback: None, default cache strategy: Keep, ba requested strategy: Keep, cache: No, uncache: No, dependency: None, expected install registration state: Absent, expected cache registration state: Absent
[0DDC:1EB4][2026-05-11T01:27:05]i201: Planned package: JAWSStartARM64nlb, state: Absent, default requested: Present, ba requested: None, execute: None, rollback: None, default cache strategy: Keep, ba requested strategy: Keep, cache: No, uncache: No, dependency: None, expected install registration state: Absent, expected cache registration state: Absent
[0DDC:1EB4][2026-05-11T01:27:05]i201: Planned package: JAWSStart64nld, state: Absent, default requested: Present, ba requested: None, execute: None, rollback: None, default cache strategy: Keep, ba requested strategy: Keep, cache: No, uncache: No, dependency: None, expected install registration state: Absent, expected cache registration state: Absent
[0DDC:1EB4][2026-05-11T01:27:05]i201: Planned package: JAWSStartARM64nld, state: Absent, default requested: Present, ba requested: None, execute: None, rollback: None, default cache strategy: Keep, ba requested strategy: Keep, cache: No, uncache: No, dependency: None, expected install registration state: Absent, expected cache registration state: Absent
[0DDC:1EB4][2026-05-11T01:27:05]i201: Planned package: JAWSStart64nor, state: Absent, default requested: Present, ba requested: None, execute: None, rollback: None, default cache strategy: Keep, ba requested strategy: Keep, cache: No, uncache: No, dependency: None, expected install registration state: Absent, expected cache registration state: Absent
[0DDC:1EB4][2026-05-11T01:27:05]i201: Planned package: JAWSStartARM64nor, state: Absent, default requested: Present, ba requested: None, execute: None, rollback: None, default cache strategy: Keep, ba requested strategy: Keep, cache: No, uncache: No, dependency: None, expected install registration state: Absent, expected cache registration state: Absent
[0DDC:1EB4][2026-05-11T01:27:05]i201: Planned package: JAWSStart64ptb, state: Absent, default requested: Present, ba requested: None, execute: None, rollback: None, default cache strategy: Keep, ba requested strategy: Keep, cache: No, uncache: No, dependency: None, expected install registration state: Absent, expected cache registration state: Absent
[0DDC:1EB4][2026-05-11T01:27:05]i201: Planned package: JAWSStartARM64ptb, state: Absent, default requested: Present, ba requested: None, execute: None, rollback: None, default cache strategy: Keep, ba requested strategy: Keep, cache: No, uncache: No, dependency: None, expected install registration state: Absent, expected cache registration state: Absent
[0DDC:1EB4][2026-05-11T01:27:05]i201: Planned package: JAWSStart64rus, state: Absent, default requested: Present, ba requested: None, execute: None, rollback: None, default cache strategy: Keep, ba requested strategy: Keep, cache: No, uncache: No, dependency: None, expected install registration state: Absent, expected cache registration state: Absent
[0DDC:1EB4][2026-05-11T01:27:05]i201: Planned package: JAWSStartARM64rus, state: Absent, default requested: Present, ba requested: None, execute: None, rollback: None, default cache strategy: Keep, ba requested strategy: Keep, cache: No, uncache: No, dependency: None, expected install registration state: Absent, expected cache registration state: Absent
[0DDC:1EB4][2026-05-11T01:27:05]i201: Planned package: JAWSStart64sky, state: Absent, default requested: Present, ba requested: None, execute: None, rollback: None, default cache strategy: Keep, ba requested strategy: Keep, cache: No, uncache: No, dependency: None, expected install registration state: Absent, expected cache registration state: Absent
[0DDC:1EB4][2026-05-11T01:27:05]i201: Planned package: JAWSStartARM64sky, state: Absent, default requested: Present, ba requested: None, execute: None, rollback: None, default cache strategy: Keep, ba requested strategy: Keep, cache: No, uncache: No, dependency: None, expected install registration state: Absent, expected cache registration state: Absent
[0DDC:1EB4][2026-05-11T01:27:05]i201: Planned package: JAWSStart64sve, state: Absent, default requested: Present, ba requested: None, execute: None, rollback: None, default cache strategy: Keep, ba requested strategy: Keep, cache: No, uncache: No, dependency: None, expected install registration state: Absent, expected cache registration state: Absent
[0DDC:1EB4][2026-05-11T01:27:05]i201: Planned package: JAWSStartARM64sve, state: Absent, default requested: Present, ba requested: None, execute: None, rollback: None, default cache strategy: Keep, ba requested strategy: Keep, cache: No, uncache: No, dependency: None, expected install registration state: Absent, expected cache registration state: Absent
[0DDC:1EB4][2026-05-11T01:27:05]i201: Planned package: JAWSStart64trk, state: Absent, default requested: Present, ba requested: None, execute: None, rollback: None, default cache strategy: Keep, ba requested strategy: Keep, cache: No, uncache: No, dependency: None, expected install registration state: Absent, expected cache registration state: Absent
[0DDC:1EB4][2026-05-11T01:27:05]i201: Planned package: JAWSStartARM64trk, state: Absent, default requested: Present, ba requested: None, execute: None, rollback: None, default cache strategy: Keep, ba requested strategy: Keep, cache: No, uncache: No, dependency: None, expected install registration state: Absent, expected cache registration state: Absent
[0DDC:1EB4][2026-05-11T01:27:05]i201: Planned package: JAWSStart64ukr, state: Absent, default requested: Present, ba requested: None, execute: None, rollback: None, default cache strategy: Keep, ba requested strategy: Keep, cache: No, uncache: No, dependency: None, expected install registration state: Absent, expected cache registration state: Absent
[0DDC:1EB4][2026-05-11T01:27:05]i201: Planned package: JAWSStartARM64ukr, state: Absent, default requested: Present, ba requested: None, execute: None, rollback: None, default cache strategy: Keep, ba requested strategy: Keep, cache: No, uncache: No, dependency: None, expected install registration state: Absent, expected cache registration state: Absent
[0DDC:1EB4][2026-05-11T01:27:05]i201: Planned package: PostInstall, state: Absent, default requested: Present, ba requested: Present, execute: Install, rollback: Uninstall, default cache strategy: Keep, ba requested strategy: Keep, cache: Vital, uncache: No, dependency: None, expected install registration state: Present, expected cache registration state: Present
[0DDC:1EB4][2026-05-11T01:27:05]i201: Planned package: PostInstallARM64, state: Absent, default requested: Present, ba requested: None, execute: None, rollback: None, default cache strategy: Keep, ba requested strategy: Keep, cache: No, uncache: No, dependency: None, expected install registration state: Absent, expected cache registration state: Absent
[0DDC:1EB4][2026-05-11T01:27:05]i299: Plan complete, result: 0x0
[0DDC:1EB4][2026-05-11T01:27:05]i300: Apply begin
[0DDC:1EB4][2026-05-11T01:27:05]i010: Launching elevated engine process.
[0DDC:1EB4][2026-05-11T01:27:06]i011: Launched elevated engine process.
[0DDC:1EB4][2026-05-11T01:27:06]i012: Connected to elevated engine.
[26BC:0588][2026-05-11T01:27:06]i358: Pausing automatic updates.
[26BC:0588][2026-05-11T01:27:06]i359: Paused automatic updates.
[26BC:0588][2026-05-11T01:27:06]i360: Creating a system restore point.
[26BC:0588][2026-05-11T01:27:06]i362: System restore disabled, system restore point not created.
[26BC:0588][2026-05-11T01:27:06]i370: Session begin, registration key: SOFTWARE\Microsoft\Windows\CurrentVersion\Uninstall\{10ADFB94-B04E-4FE7-B76C-EE59153B82D1}, options: 0x3, disable resume: No
[26BC:0588][2026-05-11T01:27:07]i000: Caching bundle from: 'C:\Windows\TEMP\{5540F385-449D-4B1A-8CC4-C8A7C3334D74}\.be\JAWS setup package.exe' to: 'C:\ProgramData\Package Cache\{10ADFB94-B04E-4FE7-B76C-EE59153B82D1}\JAWS setup package.exe'
[26BC:0588][2026-05-11T01:27:07]i320: Registering bundle dependency provider: {10ADFB94-B04E-4FE7-B76C-EE59153B82D1}, version: 2026.2603.86.400
[26BC:0588][2026-05-11T01:27:07]i371: Updating session, registration key: SOFTWARE\Microsoft\Windows\CurrentVersion\Uninstall\{10ADFB94-B04E-4FE7-B76C-EE59153B82D1}, resume: Active, restart initiated: No, disable resume: No
[0DDC:1C6C][2026-05-11T01:27:07]i000: SetupApp: Downloading Component. Id vcredist2022_x86, Source: (null), HostIPAddresses: 
[0DDC:1EDC][2026-05-11T01:27:07]i338: Acquiring package: vcredist2022_x86, payload: vcredist2022_x86, download from: https://components.vfo.digital/vcredist2022/14.50.35719.0/VC_redist.x86.exe
[26BC:04D4][2026-05-11T01:27:08]i305: Verified acquired payload: vcredist2022_x86 at path: C:\ProgramData\Package Cache\.unverified\vcredist2022_x86, moving to: C:\ProgramData\Package Cache\A6687EF328597C90093A4278A12A0059496711801D84A40DC730511BADDE3D94\VC_redist.x86.exe.
[0DDC:1C6C][2026-05-11T01:27:08]i000: SetupApp: Downloading Component. Id vcredist2022_x64, Source: (null), HostIPAddresses: 
[0DDC:1EDC][2026-05-11T01:27:08]i338: Acquiring package: vcredist2022_x64, payload: vcredist2022_x64, download from: https://components.vfo.digital/vcredist2022/14.50.35719.0/VC_redist.x64.exe
[26BC:04D4][2026-05-11T01:27:08]i305: Verified acquired payload: vcredist2022_x64 at path: C:\ProgramData\Package Cache\.unverified\vcredist2022_x64, moving to: C:\ProgramData\Package Cache\B618F601A1989A696C8EFA0208EFD977A3BFE9A8DF8ACE8FAE9EEF20262240E7\VC_redist.x64.exe.
[0DDC:1C6C][2026-05-11T01:27:08]i000: SetupApp: Downloading Component. Id MicrosoftDotNet8DesktopRuntimex86, Source: (null), HostIPAddresses: 
[0DDC:1EDC][2026-05-11T01:27:08]i338: Acquiring package: MicrosoftDotNet8DesktopRuntimex86, payload: MicrosoftDotNet8DesktopRuntimex86, download from: https://components.vfo.digital/DotNet8/8.0.24/windowsdesktop-runtime-8.0.24-win-x86.exe
[26BC:04D4][2026-05-11T01:27:10]i305: Verified acquired payload: MicrosoftDotNet8DesktopRuntimex86 at path: C:\ProgramData\Package Cache\.unverified\MicrosoftDotNet8DesktopRuntimex86, moving to: C:\ProgramData\Package Cache\3B5873CB103A742CA288E8EB8C9867593ED1CC1CC6BCA17542CBCFD2BB4467E7\windowsdesktop-runtime-8.0.24-win-x86.exe.
[0DDC:1C6C][2026-05-11T01:27:10]i000: SetupApp: Downloading Component. Id MicrosoftDotNet8DesktopRuntimex64, Source: (null), HostIPAddresses: 
[0DDC:1EDC][2026-05-11T01:27:10]i338: Acquiring package: MicrosoftDotNet8DesktopRuntimex64, payload: MicrosoftDotNet8DesktopRuntimex64, download from: https://components.vfo.digital/DotNet8/8.0.24/windowsdesktop-runtime-8.0.24-win-x64.exe
[26BC:04D4][2026-05-11T01:27:11]i305: Verified acquired payload: MicrosoftDotNet8DesktopRuntimex64 at path: C:\ProgramData\Package Cache\.unverified\MicrosoftDotNet8DesktopRuntimex64, moving to: C:\ProgramData\Package Cache\59C71FDA396DA28963ABA76262914A0256CCBA744962B4654587EB9D3E740E04\windowsdesktop-runtime-8.0.24-win-x64.exe.
[0DDC:1C6C][2026-05-11T01:27:11]i000: SetupApp: Downloading Component. Id MicrosoftEdgeWebView2Runtimex64, Source: (null), HostIPAddresses: 
[0DDC:1EDC][2026-05-11T01:27:11]i338: Acquiring package: MicrosoftEdgeWebView2Runtimex64, payload: MicrosoftEdgeWebView2Runtimex64, download from: https://components.vfo.digital/WebView2/145.0.3800.82/MicrosoftEdgeWebView2RuntimeInstallerX64.exe
[26BC:04D4][2026-05-11T01:27:15]i305: Verified acquired payload: MicrosoftEdgeWebView2Runtimex64 at path: C:\ProgramData\Package Cache\.unverified\MicrosoftEdgeWebView2Runtimex64, moving to: C:\ProgramData\Package Cache\A278E52EC7934E00B0F836AA2A387F8C33FAD0CD814DAAE7330AD8DB14F9BD61\MicrosoftEdgeWebView2RuntimeInstallerX64.exe.
[0DDC:1C6C][2026-05-11T01:27:15]i000: SetupApp: Downloading Component. Id Eloquence, Source: (null), HostIPAddresses: 
[0DDC:1EDC][2026-05-11T01:27:15]i338: Acquiring package: Eloquence, payload: Eloquence, download from: https://software.vfo.digital/JAWS/2026/2026.2603.86.400/4C358832-E709-4832-9C4B-47357E07F729/enu/x86/Eloquence.msi
[26BC:04D4][2026-05-11T01:27:15]i305: Verified acquired payload: Eloquence at path: C:\ProgramData\Package Cache\.unverified\Eloquence, moving to: C:\ProgramData\Package Cache\{F4DA19E5-A560-4313-8623-3493DCE3C681}v6.1.5\enu\x86\Eloquence.msi.
[0DDC:1C6C][2026-05-11T01:27:15]i000: SetupApp: Downloading Component. Id VidAccDriverUninstaller64, Source: (null), HostIPAddresses: 
[0DDC:1EDC][2026-05-11T01:27:15]i338: Acquiring package: VidAccDriverUninstaller64, payload: VidAccDriverUninstaller64, download from: https://components.vfo.digital/VideoAccessibility/12.6.352/0592CB75-E2D8-48F3-856D-E7BFF9412825/x64/VidAccDriverUninstaller_64-bit.exe
[26BC:04D4][2026-05-11T01:27:16]i305: Verified acquired payload: VidAccDriverUninstaller64 at path: C:\ProgramData\Package Cache\.unverified\VidAccDriverUninstaller64, moving to: C:\ProgramData\Package Cache\86DF7E8A705C56DF7B6469A34B0C873C033F25B4D0168623E35211FC968C9379\VidAccDriverUninstaller_64-bit.exe.
[0DDC:1C6C][2026-05-11T01:27:16]i000: SetupApp: Downloading Component. Id Utilities64, Source: (null), HostIPAddresses: 
[0DDC:1EDC][2026-05-11T01:27:16]i338: Acquiring package: Utilities64, payload: Utilities64, download from: https://software.vfo.digital/JAWS/2026/2026.2603.86.400/4C358832-E709-4832-9C4B-47357E07F729/enu/x64/Utilities.msi
[26BC:04D4][2026-05-11T01:27:16]i305: Verified acquired payload: Utilities64 at path: C:\ProgramData\Package Cache\.unverified\Utilities64, moving to: C:\ProgramData\Package Cache\{A334FFCA-53ED-4C84-9A60-48CA885382AB}v27.3.9.0\enu\x64\Utilities.msi.
[0DDC:1C6C][2026-05-11T01:27:16]i000: SetupApp: Downloading Component. Id SentinelProtectionInstaller, Source: (null), HostIPAddresses: 
[0DDC:1EDC][2026-05-11T01:27:16]i338: Acquiring package: SentinelProtectionInstaller, payload: SentinelProtectionInstaller, download from: https://components.vfo.digital/SentinelProtectionInstaller/7.7.1/AABACDD9-1188-47FB-B8A9-EE570667DD52/Sentinel%20Protection%20Installer%207.7.1.msi
[26BC:04D4][2026-05-11T01:27:16]i305: Verified acquired payload: SentinelProtectionInstaller at path: C:\ProgramData\Package Cache\.unverified\SentinelProtectionInstaller, moving to: C:\ProgramData\Package Cache\{030D19D4-E290-4136-B909-B09D437F380A}v7.7.1\Sentinel Protection Installer 7.7.1.msi.
[0DDC:1C6C][2026-05-11T01:27:16]i000: SetupApp: Downloading Component. Id SentinelProtectionInstaller, Source: (null), HostIPAddresses: 
[0DDC:1EDC][2026-05-11T01:27:16]i338: Acquiring package: SentinelProtectionInstaller, payload: SentinelProtectionInstaller_CAB, download from: https://components.vfo.digital/SentinelProtectionInstaller/7.7.1/AABACDD9-1188-47FB-B8A9-EE570667DD52/Data1.cab
[26BC:04D4][2026-05-11T01:27:16]i305: Verified acquired payload: SentinelProtectionInstaller_CAB at path: C:\ProgramData\Package Cache\.unverified\SentinelProtectionInstaller_CAB, moving to: C:\ProgramData\Package Cache\{030D19D4-E290-4136-B909-B09D437F380A}v7.7.1\data1.cab.
[0DDC:1C6C][2026-05-11T01:27:16]i000: SetupApp: Downloading Component. Id FsElevation64, Source: (null), HostIPAddresses: 
[0DDC:1EDC][2026-05-11T01:27:16]i338: Acquiring package: FsElevation64, payload: FsElevation64, download from: https://software.vfo.digital/JAWS/2026/2026.2603.86.400/4C358832-E709-4832-9C4B-47357E07F729/enu/x64/fsElevation.msi
[26BC:04D4][2026-05-11T01:27:16]i305: Verified acquired payload: FsElevation64 at path: C:\ProgramData\Package Cache\.unverified\FsElevation64, moving to: C:\ProgramData\Package Cache\{AF6A5953-FE5F-451C-BD86-D0EB3F76A6E0}v27.3.5.0\enu\x64\FSElevation.msi.
[0DDC:1C6C][2026-05-11T01:27:16]i000: SetupApp: Downloading Component. Id fsSynth, Source: (null), HostIPAddresses: 
[0DDC:1EDC][2026-05-11T01:27:16]i338: Acquiring package: fsSynth, payload: fsSynth, download from: https://software.vfo.digital/JAWS/2026/2026.2603.86.400/4C358832-E709-4832-9C4B-47357E07F729/enu/x64/fsSynth.msi
[26BC:04D4][2026-05-11T01:27:16]i305: Verified acquired payload: fsSynth at path: C:\ProgramData\Package Cache\.unverified\fsSynth, moving to: C:\ProgramData\Package Cache\4D3195D1-6392-43D6-B46F-29CFB23123B8\enu\x64\FsSynth.msi.
[0DDC:1C6C][2026-05-11T01:27:16]i000: SetupApp: Downloading Component. Id UIAHooks64, Source: (null), HostIPAddresses: 
[0DDC:1EDC][2026-05-11T01:27:16]i338: Acquiring package: UIAHooks64, payload: UIAHooks64, download from: https://software.vfo.digital/JAWS/2026/2026.2603.86.400/4C358832-E709-4832-9C4B-47357E07F729/enu/x64/UIAHooks.msi
[26BC:04D4][2026-05-11T01:27:16]i305: Verified acquired payload: UIAHooks64 at path: C:\ProgramData\Package Cache\.unverified\UIAHooks64, moving to: C:\ProgramData\Package Cache\2A694A71-97D1-44C1-8800-870606D8BC5F\enu\x64\UIAHooks.msi.
[0DDC:1C6C][2026-05-11T01:27:16]i000: SetupApp: Downloading Component. Id HookManager64, Source: (null), HostIPAddresses: 
[0DDC:1EDC][2026-05-11T01:27:16]i338: Acquiring package: HookManager64, payload: HookManager64, download from: https://software.vfo.digital/JAWS/2026/2026.2603.86.400/4C358832-E709-4832-9C4B-47357E07F729/enu/x64/HookManager.msi
[26BC:04D4][2026-05-11T01:27:17]i305: Verified acquired payload: HookManager64 at path: C:\ProgramData\Package Cache\.unverified\HookManager64, moving to: C:\ProgramData\Package Cache\03CF7006-6CB5-4BFB-85A3-6106C3CCCCDF\enu\x64\HookManager.msi.
[0DDC:1C6C][2026-05-11T01:27:17]i000: SetupApp: Downloading Component. Id AccEventCache64, Source: (null), HostIPAddresses: 
[0DDC:1EDC][2026-05-11T01:27:17]i338: Acquiring package: AccEventCache64, payload: AccEventCache64, download from: https://software.vfo.digital/JAWS/2026/2026.2603.86.400/4C358832-E709-4832-9C4B-47357E07F729/enu/x64/AccEventCache.msi
[26BC:04D4][2026-05-11T01:27:17]i305: Verified acquired payload: AccEventCache64 at path: C:\ProgramData\Package Cache\.unverified\AccEventCache64, moving to: C:\ProgramData\Package Cache\5DD26036-DE9A-4A3C-BBB1-70B502B9415E\enu\x64\AccEventCache.msi.
[0DDC:1C6C][2026-05-11T01:27:17]i000: SetupApp: Downloading Component. Id GlobalHooksDispatcher64, Source: (null), HostIPAddresses: 
[0DDC:1EDC][2026-05-11T01:27:17]i338: Acquiring package: GlobalHooksDispatcher64, payload: GlobalHooksDispatcher64, download from: https://software.vfo.digital/JAWS/2026/2026.2603.86.400/4C358832-E709-4832-9C4B-47357E07F729/enu/x64/GlobalHooksDispatcher.msi
[26BC:04D4][2026-05-11T01:27:17]i305: Verified acquired payload: GlobalHooksDispatcher64 at path: C:\ProgramData\Package Cache\.unverified\GlobalHooksDispatcher64, moving to: C:\ProgramData\Package Cache\0576B823-6813-481D-B83A-65E92C892CE0\enu\x64\GlobalHooksDispatcher.msi.
[0DDC:1C6C][2026-05-11T01:27:17]i000: SetupApp: Downloading Component. Id GateManager64, Source: (null), HostIPAddresses: 
[0DDC:1EDC][2026-05-11T01:27:17]i338: Acquiring package: GateManager64, payload: GateManager64, download from: https://software.vfo.digital/JAWS/2026/2026.2603.86.400/4C358832-E709-4832-9C4B-47357E07F729/enu/x64/GateManager.msi
[26BC:04D4][2026-05-11T01:27:17]i305: Verified acquired payload: GateManager64 at path: C:\ProgramData\Package Cache\.unverified\GateManager64, moving to: C:\ProgramData\Package Cache\{03DD9561-31E3-4733-8432-C52356C89CF4}v4.3.6.0\enu\x64\GateManager.msi.
[0DDC:1C6C][2026-05-11T01:27:17]i000: SetupApp: Downloading Component. Id FSReader64, Source: (null), HostIPAddresses: 
[0DDC:1EDC][2026-05-11T01:27:17]i338: Acquiring package: FSReader64, payload: FSReader64, download from: https://software.vfo.digital/JAWS/2026/2026.2603.86.400/4C358832-E709-4832-9C4B-47357E07F729/enu/x64/FSReader.msi
[26BC:04D4][2026-05-11T01:27:18]i305: Verified acquired payload: FSReader64 at path: C:\ProgramData\Package Cache\.unverified\FSReader64, moving to: C:\ProgramData\Package Cache\{8400289E-E434-4948-A7F6-43622D29251F}v3.6.2191.0\enu\x64\FSReader.msi.
[0DDC:1C6C][2026-05-11T01:27:18]i000: SetupApp: Downloading Component. Id TableOfContents64, Source: (null), HostIPAddresses: 
[0DDC:1EDC][2026-05-11T01:27:18]i338: Acquiring package: TableOfContents64, payload: TableOfContents64, download from: https://software.vfo.digital/JAWS/2026/2026.2603.86.400/4C358832-E709-4832-9C4B-47357E07F729/enu/x64/TableOfContents.msi
[26BC:04D4][2026-05-11T01:27:18]i305: Verified acquired payload: TableOfContents64 at path: C:\ProgramData\Package Cache\.unverified\TableOfContents64, moving to: C:\ProgramData\Package Cache\{A25FE074-E50C-4228-9EFE-1FA59775627F}v27.3.5.0\enu\x64\TableOfContents.msi.
[0DDC:1C6C][2026-05-11T01:27:18]i000: SetupApp: Downloading Component. Id FSOmniPage, Source: (null), HostIPAddresses: 
[0DDC:1EDC][2026-05-11T01:27:18]i338: Acquiring package: FSOmniPage, payload: FSOmniPage, download from: https://components.vfo.digital/FSOmniPage/%7B919B803F-83BE-48C1-A762-E18C21694597%7D/FSOmnipage.msi
[26BC:04D4][2026-05-11T01:27:24]i305: Verified acquired payload: FSOmniPage at path: C:\ProgramData\Package Cache\.unverified\FSOmniPage, moving to: C:\ProgramData\Package Cache\{8179EF6E-2111-46C9-A7B9-155B431FB510}v23.2.37.0\enu\x86\FSOmnipage.msi.
[0DDC:1C6C][2026-05-11T01:27:24]i000: SetupApp: Downloading Component. Id FSOcr64, Source: (null), HostIPAddresses: 
[0DDC:1EDC][2026-05-11T01:27:24]i338: Acquiring package: FSOcr64, payload: FSOcr64, download from: https://software.vfo.digital/JAWS/2026/2026.2603.86.400/4C358832-E709-4832-9C4B-47357E07F729/enu/x64/FSOcr.msi
[26BC:04D4][2026-05-11T01:27:24]i305: Verified acquired payload: FSOcr64 at path: C:\ProgramData\Package Cache\.unverified\FSOcr64, moving to: C:\ProgramData\Package Cache\{59E1197F-8496-4EBD-BDEA-A77CC9EC8685}v27.3.5.0\enu\x64\FSOcr.msi.
[0DDC:1C6C][2026-05-11T01:27:24]i000: SetupApp: Downloading Component. Id FSSupportTool64, Source: (null), HostIPAddresses: 
[0DDC:1EDC][2026-05-11T01:27:24]i338: Acquiring package: FSSupportTool64, payload: FSSupportTool64, download from: https://software.vfo.digital/JAWS/2026/2026.2603.86.400/4C358832-E709-4832-9C4B-47357E07F729/enu/x64/FSSupportTool.msi
[26BC:04D4][2026-05-11T01:27:24]i305: Verified acquired payload: FSSupportTool64 at path: C:\ProgramData\Package Cache\.unverified\FSSupportTool64, moving to: C:\ProgramData\Package Cache\026CA172-25E2-41B6-AB1F-C2A0B13F20F4\enu\x64\FSSupportTool.msi.
[0DDC:1C6C][2026-05-11T01:27:24]i000: SetupApp: Downloading Component. Id ErrorReporting64, Source: (null), HostIPAddresses: 
[0DDC:1EDC][2026-05-11T01:27:24]i338: Acquiring package: ErrorReporting64, payload: ErrorReporting64, download from: https://software.vfo.digital/JAWS/2026/2026.2603.86.400/4C358832-E709-4832-9C4B-47357E07F729/enu/x64/ErrorReporting.msi
[26BC:04D4][2026-05-11T01:27:24]i305: Verified acquired payload: ErrorReporting64 at path: C:\ProgramData\Package Cache\.unverified\ErrorReporting64, moving to: C:\ProgramData\Package Cache\{136F1D08-5DD2-4B52-8B2E-FA70AFE505A5}v13.3.3.0\enu\x64\ErrorReporting.msi.
[0DDC:1C6C][2026-05-11T01:27:24]i000: SetupApp: Downloading Component. Id TouchServer64, Source: (null), HostIPAddresses: 
[0DDC:1EDC][2026-05-11T01:27:24]i338: Acquiring package: TouchServer64, payload: TouchServer64, download from: https://software.vfo.digital/JAWS/2026/2026.2603.86.400/4C358832-E709-4832-9C4B-47357E07F729/enu/x64/TouchServer.msi
[26BC:04D4][2026-05-11T01:27:24]i305: Verified acquired payload: TouchServer64 at path: C:\ProgramData\Package Cache\.unverified\TouchServer64, moving to: C:\ProgramData\Package Cache\{4466ADE6-D352-4BFF-904C-B7948BA89982}v8.3.5.0\enu\x64\TouchServer.msi.
[0DDC:1C6C][2026-05-11T01:27:24]i000: SetupApp: Downloading Component. Id FusionInterface64, Source: (null), HostIPAddresses: 
[0DDC:1EDC][2026-05-11T01:27:24]i338: Acquiring package: FusionInterface64, payload: FusionInterface64, download from: https://components.vfo.digital/FusionInterface/715DE262-1A9D-4932-B878-AF8B07939441/2.100.7.0/FusionInterface.msi
[26BC:04D4][2026-05-11T01:27:24]i305: Verified acquired payload: FusionInterface64 at path: C:\ProgramData\Package Cache\.unverified\FusionInterface64, moving to: C:\ProgramData\Package Cache\{481435FF-97AC-11E6-8DDB-64006A5729E1}v2.100.7.0\enu\x64\FusionInterface.msi.
[0DDC:1C6C][2026-05-11T01:27:24]i000: SetupApp: Downloading Component. Id Authorization64, Source: (null), HostIPAddresses: 
[0DDC:1EDC][2026-05-11T01:27:24]i338: Acquiring package: Authorization64, payload: Authorization64, download from: https://software.vfo.digital/JAWS/2026/2026.2603.86.400/4C358832-E709-4832-9C4B-47357E07F729/enu/x64/Authorization.msi
[26BC:04D4][2026-05-11T01:27:26]i305: Verified acquired payload: Authorization64 at path: C:\ProgramData\Package Cache\.unverified\Authorization64, moving to: C:\ProgramData\Package Cache\{B82C22BC-37A1-475A-B85F-FBA89830CB44}v12.3.7.0\enu\x64\Authorization.msi.
[0DDC:1C6C][2026-05-11T01:27:26]i000: SetupApp: Downloading Component. Id UnifiedKeyboard, Source: (null), HostIPAddresses: 
[0DDC:1EDC][2026-05-11T01:27:26]i338: Acquiring package: UnifiedKeyboard, payload: UnifiedKeyboard, download from: https://software.vfo.digital/JAWS/2026/2026.2603.86.400/4C358832-E709-4832-9C4B-47357E07F729/enu/x64/UnifiedKeyboard.msi
[26BC:04D4][2026-05-11T01:27:26]i305: Verified acquired payload: UnifiedKeyboard at path: C:\ProgramData\Package Cache\.unverified\UnifiedKeyboard, moving to: C:\ProgramData\Package Cache\{B0318695-3C9A-48BA-85F6-615331251901}v8.3.2.400\enu\x64\UnifiedKeyboard.msi.
[0DDC:1C6C][2026-05-11T01:27:26]i000: SetupApp: Downloading Component. Id FSCam64, Source: (null), HostIPAddresses: 
[0DDC:1EDC][2026-05-11T01:27:26]i338: Acquiring package: FSCam64, payload: FSCam64, download from: https://components.vfo.digital/FSCam/4FC93BC9-AD49-4E1E-8B52-8C317C502356/14.0.40.101/FSCam.msi
[26BC:04D4][2026-05-11T01:27:26]i305: Verified acquired payload: FSCam64 at path: C:\ProgramData\Package Cache\.unverified\FSCam64, moving to: C:\ProgramData\Package Cache\{C9FFAB1B-D20C-46CC-B72E-F1A2038A005C}v14.0.40.101\enu\x64\FSCam.msi.
[0DDC:1C6C][2026-05-11T01:27:26]i000: SetupApp: Downloading Component. Id RDP64, Source: (null), HostIPAddresses: 
[0DDC:1EDC][2026-05-11T01:27:26]i338: Acquiring package: RDP64, payload: RDP64, download from: https://software.vfo.digital/JAWS/2026/2026.2603.86.400/4C358832-E709-4832-9C4B-47357E07F729/enu/x64/RdpSupport.msi
[26BC:04D4][2026-05-11T01:27:26]i305: Verified acquired payload: RDP64 at path: C:\ProgramData\Package Cache\.unverified\RDP64, moving to: C:\ProgramData\Package Cache\9B84D36B-BDD2-4CDB-8C14-B6050A53A567\enu\x64\RdpSupport.msi.
[0DDC:1C6C][2026-05-11T01:27:26]i000: SetupApp: Downloading Component. Id Telemetry64, Source: (null), HostIPAddresses: 
[0DDC:1EDC][2026-05-11T01:27:26]i338: Acquiring package: Telemetry64, payload: Telemetry64, download from: https://software.vfo.digital/JAWS/2026/2026.2603.86.400/4C358832-E709-4832-9C4B-47357E07F729/enu/x64/Telemetry.msi
[26BC:04D4][2026-05-11T01:27:27]i305: Verified acquired payload: Telemetry64 at path: C:\ProgramData\Package Cache\.unverified\Telemetry64, moving to: C:\ProgramData\Package Cache\{BD25E96E-17B1-487B-8342-0406697FC48D}v8.3.7.0\enu\x64\Telemetry.msi.
[0DDC:1C6C][2026-05-11T01:27:27]i000: SetupApp: Downloading Component. Id VoiceAssistant64, Source: (null), HostIPAddresses: 
[0DDC:1EDC][2026-05-11T01:27:27]i338: Acquiring package: VoiceAssistant64, payload: VoiceAssistant64, download from: https://software.vfo.digital/JAWS/2026/2026.2603.86.400/4C358832-E709-4832-9C4B-47357E07F729/enu/x64/VoiceAssistant.msi
[26BC:04D4][2026-05-11T01:27:28]i305: Verified acquired payload: VoiceAssistant64 at path: C:\ProgramData\Package Cache\.unverified\VoiceAssistant64, moving to: C:\ProgramData\Package Cache\EF1427AB-10A5-4820-897D-0347107C50A2\enu\x64\VoiceAssistant.msi.
[0DDC:1C6C][2026-05-11T01:27:28]i000: SetupApp: Downloading Component. Id JAWS64, Source: (null), HostIPAddresses: 
[0DDC:1EDC][2026-05-11T01:27:28]i338: Acquiring package: JAWS64, payload: JAWS64, download from: https://software.vfo.digital/JAWS/2026/2026.2603.86.400/4C358832-E709-4832-9C4B-47357E07F729/enu/x64/JAWSBase.msi
[26BC:04D4][2026-05-11T01:27:32]i305: Verified acquired payload: JAWS64 at path: C:\ProgramData\Package Cache\.unverified\JAWS64, moving to: C:\ProgramData\Package Cache\D3F18E22-ED75-43BE-AA7A-6235AAAB93FC\enu\x64\JAWSBase.msi.
[0DDC:1C6C][2026-05-11T01:27:32]i000: SetupApp: Downloading Component. Id JAWSLanguage64enu, Source: (null), HostIPAddresses: 
[0DDC:1EDC][2026-05-11T01:27:32]i338: Acquiring package: JAWSLanguage64enu, payload: JAWSLanguage64enu, download from: https://software.vfo.digital/JAWS/2026/2026.2603.86.400/4C358832-E709-4832-9C4B-47357E07F729/enu/x64/JAWSLanguage.msi
[26BC:04D4][2026-05-11T01:27:32]i305: Verified acquired payload: JAWSLanguage64enu at path: C:\ProgramData\Package Cache\.unverified\JAWSLanguage64enu, moving to: C:\ProgramData\Package Cache\enu35C1773F-57EF-47F0-99C7-4F8FB7CD0513\enu\x64\JAWSLanguage.msi.
[0DDC:1C6C][2026-05-11T01:27:32]i000: SetupApp: Downloading Component. Id Xerces64, Source: (null), HostIPAddresses: 
[0DDC:1EDC][2026-05-11T01:27:32]i338: Acquiring package: Xerces64, payload: Xerces64, download from: https://software.vfo.digital/JAWS/2026/2026.2603.86.400/4C358832-E709-4832-9C4B-47357E07F729/enu/x64/Xerces.msi
[26BC:04D4][2026-05-11T01:27:32]i305: Verified acquired payload: Xerces64 at path: C:\ProgramData\Package Cache\.unverified\Xerces64, moving to: C:\ProgramData\Package Cache\{D097E238-7D03-43F8-8771-8DA798791997}v27.3.9.0\enu\x64\Xerces.msi.
[0DDC:1C6C][2026-05-11T01:27:32]i000: SetupApp: Downloading Component. Id JAWSStart64enu, Source: (null), HostIPAddresses: 
[0DDC:1EDC][2026-05-11T01:27:32]i338: Acquiring package: JAWSStart64enu, payload: JAWSStart64enu, download from: https://software.vfo.digital/JAWS/2026/2026.2603.86.400/4C358832-E709-4832-9C4B-47357E07F729/enu/x64/JAWSStart.msi
[26BC:04D4][2026-05-11T01:27:32]i305: Verified acquired payload: JAWSStart64enu at path: C:\ProgramData\Package Cache\.unverified\JAWSStart64enu, moving to: C:\ProgramData\Package Cache\enu2BFCF9A9-3355-4BD4-9FBA-E9AA4AB60E0C\enu\x64\JAWSStart.msi.
[26BC:04D4][2026-05-11T01:27:32]i305: Verified acquired payload: PostInstall at path: C:\ProgramData\Package Cache\.unverified\PostInstall, moving to: C:\ProgramData\Package Cache\8101ECD0891BA998ECF8381769D18BBAFDB975127A1FBCD3B2555F013D80A4FC\PostInstall.exe.
[26BC:0588][2026-05-11T01:27:32]i323: Registering package dependency provider: {F4DA19E5-A560-4313-8623-3493DCE3C681}, version: 6.1.5, package: Eloquence
[26BC:0588][2026-05-11T01:27:32]i301: Applying execute package: Eloquence, action: Install, path: C:\ProgramData\Package Cache\{F4DA19E5-A560-4313-8623-3493DCE3C681}v6.1.5\enu\x86\Eloquence.msi, arguments: ' ALLUSERS="1" MSIFASTINSTALL="7" BURNMSIINSTALL=1 REINSTALLMODE="muso" REBOOT=ReallySuppress'
[0DDC:1EB4][2026-05-11T01:27:34]i319: Applied execute package: Eloquence, result: 0x0, restart: None
[26BC:0588][2026-05-11T01:27:34]i325: Registering dependency: {10ADFB94-B04E-4FE7-B76C-EE59153B82D1} on package provider: {F4DA19E5-A560-4313-8623-3493DCE3C681}, package: Eloquence
[26BC:0588][2026-05-11T01:27:34]i301: Applying execute package: VidAccDriverUninstaller64, action: Install, path: C:\ProgramData\Package Cache\86DF7E8A705C56DF7B6469A34B0C873C033F25B4D0168623E35211FC968C9379\VidAccDriverUninstaller_64-bit.exe, arguments: '"C:\ProgramData\Package Cache\86DF7E8A705C56DF7B6469A34B0C873C033F25B4D0168623E35211FC968C9379\VidAccDriverUninstaller_64-bit.exe" /l "D:\a\_temp\jaws-evidence\jaws-install_001_VidAccDriverUninstaller64.log"'
[26BC:0588][2026-05-11T01:27:34]i366: The process for package: VidAccDriverUninstaller64 exited with code: 0x0. The exit code has been translated to type: Success and restart: None.
[0DDC:1EB4][2026-05-11T01:27:34]i319: Applied execute package: VidAccDriverUninstaller64, result: 0x0, restart: None
[26BC:0588][2026-05-11T01:27:34]i323: Registering package dependency provider: {A334FFCA-53ED-4C84-9A60-48CA885382AB}, version: 27.3.9.0, package: Utilities64
[26BC:0588][2026-05-11T01:27:34]i301: Applying execute package: Utilities64, action: Install, path: C:\ProgramData\Package Cache\{A334FFCA-53ED-4C84-9A60-48CA885382AB}v27.3.9.0\enu\x64\Utilities.msi, arguments: ' ALLUSERS="1" MSIFASTINSTALL="7" BURNMSIINSTALL=1 REINSTALLMODE="muso" REBOOT=ReallySuppress'
[0DDC:1EB4][2026-05-11T01:27:34]i319: Applied execute package: Utilities64, result: 0x0, restart: None
[26BC:0588][2026-05-11T01:27:34]i325: Registering dependency: {10ADFB94-B04E-4FE7-B76C-EE59153B82D1} on package provider: {A334FFCA-53ED-4C84-9A60-48CA885382AB}, package: Utilities64
[26BC:0588][2026-05-11T01:27:34]i323: Registering package dependency provider: {030D19D4-E290-4136-B909-B09D437F380A}, version: 7.7.1, package: SentinelProtectionInstaller
[26BC:0588][2026-05-11T01:27:34]i301: Applying execute package: SentinelProtectionInstaller, action: Install, path: C:\ProgramData\Package Cache\{030D19D4-E290-4136-B909-B09D437F380A}v7.7.1\Sentinel Protection Installer 7.7.1.msi, arguments: ' ALLUSERS="1" MSIFASTINSTALL="7" BURNMSIINSTALL=1 REINSTALLMODE="muso" REBOOT=ReallySuppress'
[0DDC:1EB4][2026-05-11T01:27:53]i319: Applied execute package: SentinelProtectionInstaller, result: 0x0, restart: None
[26BC:0588][2026-05-11T01:27:53]i325: Registering dependency: {10ADFB94-B04E-4FE7-B76C-EE59153B82D1} on package provider: {030D19D4-E290-4136-B909-B09D437F380A}, package: SentinelProtectionInstaller
[26BC:0588][2026-05-11T01:27:53]i323: Registering package dependency provider: {AF6A5953-FE5F-451C-BD86-D0EB3F76A6E0}, version: 27.3.5.0, package: FsElevation64
[26BC:0588][2026-05-11T01:27:53]i301: Applying execute package: FsElevation64, action: Install, path: C:\ProgramData\Package Cache\{AF6A5953-FE5F-451C-BD86-D0EB3F76A6E0}v27.3.5.0\enu\x64\FSElevation.msi, arguments: ' ALLUSERS="1" MSIFASTINSTALL="7" BURNMSIINSTALL=1 REINSTALLMODE="muso" REBOOT=ReallySuppress'
[0DDC:1EB4][2026-05-11T01:27:55]i319: Applied execute package: FsElevation64, result: 0x0, restart: None
[26BC:0588][2026-05-11T01:27:55]i325: Registering dependency: {10ADFB94-B04E-4FE7-B76C-EE59153B82D1} on package provider: {AF6A5953-FE5F-451C-BD86-D0EB3F76A6E0}, package: FsElevation64
[26BC:0588][2026-05-11T01:27:55]i323: Registering package dependency provider: {D1B43B83-02A9-4D36-BBC4-ED34532D728D}, version: 27.3.5.0, package: fsSynth
[26BC:0588][2026-05-11T01:27:55]i301: Applying execute package: fsSynth, action: Install, path: C:\ProgramData\Package Cache\4D3195D1-6392-43D6-B46F-29CFB23123B8\enu\x64\FsSynth.msi, arguments: ' ALLUSERS="1" MSIFASTINSTALL="7" BURNMSIINSTALL=1 REINSTALLMODE="muso" REBOOT=ReallySuppress'
[0DDC:1EB4][2026-05-11T01:27:56]i319: Applied execute package: fsSynth, result: 0x0, restart: None
[26BC:0588][2026-05-11T01:27:56]i325: Registering dependency: {10ADFB94-B04E-4FE7-B76C-EE59153B82D1} on package provider: {D1B43B83-02A9-4D36-BBC4-ED34532D728D}, package: fsSynth
[26BC:0588][2026-05-11T01:27:56]i323: Registering package dependency provider: {6C654742-DA97-4B78-B1CA-A0859A9B1243}, version: 27.3.5.0, package: UIAHooks64
[26BC:0588][2026-05-11T01:27:56]i301: Applying execute package: UIAHooks64, action: Install, path: C:\ProgramData\Package Cache\2A694A71-97D1-44C1-8800-870606D8BC5F\enu\x64\UIAHooks.msi, arguments: ' ALLUSERS="1" MSIFASTINSTALL="7" BURNMSIINSTALL=1 REINSTALLMODE="muso" REBOOT=ReallySuppress'
[0DDC:1EB4][2026-05-11T01:27:56]i319: Applied execute package: UIAHooks64, result: 0x0, restart: None
[26BC:0588][2026-05-11T01:27:56]i325: Registering dependency: {10ADFB94-B04E-4FE7-B76C-EE59153B82D1} on package provider: {6C654742-DA97-4B78-B1CA-A0859A9B1243}, package: UIAHooks64
[26BC:0588][2026-05-11T01:27:56]i323: Registering package dependency provider: {B5B7D6B7-111D-4A6A-824D-EB4631F5C722}, version: 8.3.4.0, package: HookManager64
[26BC:0588][2026-05-11T01:27:56]i301: Applying execute package: HookManager64, action: Install, path: C:\ProgramData\Package Cache\03CF7006-6CB5-4BFB-85A3-6106C3CCCCDF\enu\x64\HookManager.msi, arguments: ' ALLUSERS="1" MSIFASTINSTALL="7" BURNMSIINSTALL=1 REINSTALLMODE="muso" REBOOT=ReallySuppress'
[0DDC:1EB4][2026-05-11T01:27:57]i319: Applied execute package: HookManager64, result: 0x0, restart: None
[26BC:0588][2026-05-11T01:27:57]i325: Registering dependency: {10ADFB94-B04E-4FE7-B76C-EE59153B82D1} on package provider: {B5B7D6B7-111D-4A6A-824D-EB4631F5C722}, package: HookManager64
[26BC:0588][2026-05-11T01:27:57]i323: Registering package dependency provider: {DBF8C94D-D593-43A0-9702-0DFF1B78E811}, version: 6.3.14.0, package: AccEventCache64
[26BC:0588][2026-05-11T01:27:57]i301: Applying execute package: AccEventCache64, action: Install, path: C:\ProgramData\Package Cache\5DD26036-DE9A-4A3C-BBB1-70B502B9415E\enu\x64\AccEventCache.msi, arguments: ' ALLUSERS="1" ARPSYSTEMCOMPONENT="1" MSIFASTINSTALL="7" BURNMSIINSTALL=1 REINSTALLMODE="muso" REBOOT=ReallySuppress'
[0DDC:1EB4][2026-05-11T01:27:57]i319: Applied execute package: AccEventCache64, result: 0x0, restart: None
[26BC:0588][2026-05-11T01:27:57]i325: Registering dependency: {10ADFB94-B04E-4FE7-B76C-EE59153B82D1} on package provider: {DBF8C94D-D593-43A0-9702-0DFF1B78E811}, package: AccEventCache64
[26BC:0588][2026-05-11T01:27:57]i323: Registering package dependency provider: {8DD4BD2A-7043-423B-A598-2465F57F382E}, version: 5.3.4.0, package: GlobalHooksDispatcher64
[26BC:0588][2026-05-11T01:27:57]i301: Applying execute package: GlobalHooksDispatcher64, action: Install, path: C:\ProgramData\Package Cache\0576B823-6813-481D-B83A-65E92C892CE0\enu\x64\GlobalHooksDispatcher.msi, arguments: ' ALLUSERS="1" ARPSYSTEMCOMPONENT="1" MSIFASTINSTALL="7" BURNMSIINSTALL=1 REINSTALLMODE="muso" REBOOT=ReallySuppress'
[0DDC:1EB4][2026-05-11T01:27:57]i319: Applied execute package: GlobalHooksDispatcher64, result: 0x0, restart: None
[26BC:0588][2026-05-11T01:27:57]i325: Registering dependency: {10ADFB94-B04E-4FE7-B76C-EE59153B82D1} on package provider: {8DD4BD2A-7043-423B-A598-2465F57F382E}, package: GlobalHooksDispatcher64
[26BC:0588][2026-05-11T01:27:57]i323: Registering package dependency provider: {03DD9561-31E3-4733-8432-C52356C89CF4}, version: 4.3.6.0, package: GateManager64
[26BC:0588][2026-05-11T01:27:57]i301: Applying execute package: GateManager64, action: Install, path: C:\ProgramData\Package Cache\{03DD9561-31E3-4733-8432-C52356C89CF4}v4.3.6.0\enu\x64\GateManager.msi, arguments: ' FORCE_DEL_USERSETTINGS="0" ALLUSERS="1" MSIFASTINSTALL="7" BURNMSIINSTALL=1 REINSTALLMODE="muso" REBOOT=ReallySuppress'
[0DDC:1EB4][2026-05-11T01:27:58]i319: Applied execute package: GateManager64, result: 0x0, restart: None
[26BC:0588][2026-05-11T01:27:58]i325: Registering dependency: {10ADFB94-B04E-4FE7-B76C-EE59153B82D1} on package provider: {03DD9561-31E3-4733-8432-C52356C89CF4}, package: GateManager64
[26BC:0588][2026-05-11T01:27:58]i323: Registering package dependency provider: {8400289E-E434-4948-A7F6-43622D29251F}, version: 3.6.2191.0, package: FSReader64
[26BC:0588][2026-05-11T01:27:58]i301: Applying execute package: FSReader64, action: Install, path: C:\ProgramData\Package Cache\{8400289E-E434-4948-A7F6-43622D29251F}v3.6.2191.0\enu\x64\FSReader.msi, arguments: ' ALLUSERS="1" MSIFASTINSTALL="7" BURNMSIINSTALL=1 REINSTALLMODE="muso" REBOOT=ReallySuppress'
[0DDC:1EB4][2026-05-11T01:28:01]i319: Applied execute package: FSReader64, result: 0x0, restart: None
[26BC:0588][2026-05-11T01:28:01]i325: Registering dependency: {10ADFB94-B04E-4FE7-B76C-EE59153B82D1} on package provider: {8400289E-E434-4948-A7F6-43622D29251F}, package: FSReader64
[26BC:0588][2026-05-11T01:28:01]i323: Registering package dependency provider: {A25FE074-E50C-4228-9EFE-1FA59775627F}, version: 27.3.5.0, package: TableOfContents64
[26BC:0588][2026-05-11T01:28:01]i301: Applying execute package: TableOfContents64, action: Install, path: C:\ProgramData\Package Cache\{A25FE074-E50C-4228-9EFE-1FA59775627F}v27.3.5.0\enu\x64\TableOfContents.msi, arguments: ' ALLUSERS="1" MSIFASTINSTALL="7" BURNMSIINSTALL=1 REINSTALLMODE="muso" REBOOT=ReallySuppress'
[0DDC:1EB4][2026-05-11T01:28:02]i319: Applied execute package: TableOfContents64, result: 0x0, restart: None
[26BC:0588][2026-05-11T01:28:02]i325: Registering dependency: {10ADFB94-B04E-4FE7-B76C-EE59153B82D1} on package provider: {A25FE074-E50C-4228-9EFE-1FA59775627F}, package: TableOfContents64
[26BC:0588][2026-05-11T01:28:02]i323: Registering package dependency provider: {8179EF6E-2111-46C9-A7B9-155B431FB510}, version: 23.2.37.0, package: FSOmniPage
[26BC:0588][2026-05-11T01:28:02]i301: Applying execute package: FSOmniPage, action: Install, path: C:\ProgramData\Package Cache\{8179EF6E-2111-46C9-A7B9-155B431FB510}v23.2.37.0\enu\x86\FSOmnipage.msi, arguments: ' ALLUSERS="1" MSIFASTINSTALL="7" BURNMSIINSTALL=1 REINSTALLMODE="muso" REBOOT=ReallySuppress'
[0DDC:1EB4][2026-05-11T01:28:07]i319: Applied execute package: FSOmniPage, result: 0x0, restart: None
[26BC:0588][2026-05-11T01:28:07]i325: Registering dependency: {10ADFB94-B04E-4FE7-B76C-EE59153B82D1} on package provider: {8179EF6E-2111-46C9-A7B9-155B431FB510}, package: FSOmniPage
[26BC:0588][2026-05-11T01:28:07]i323: Registering package dependency provider: {59E1197F-8496-4EBD-BDEA-A77CC9EC8685}, version: 27.3.5.0, package: FSOcr64
[26BC:0588][2026-05-11T01:28:07]i301: Applying execute package: FSOcr64, action: Install, path: C:\ProgramData\Package Cache\{59E1197F-8496-4EBD-BDEA-A77CC9EC8685}v27.3.5.0\enu\x64\FSOcr.msi, arguments: ' SOURCE_DIR="D:\a\_temp\jaws-evidence" ALLUSERS="1" MSIFASTINSTALL="7" BURNMSIINSTALL=1 REINSTALLMODE="muso" REBOOT=ReallySuppress'
[0DDC:1EB4][2026-05-11T01:28:08]i319: Applied execute package: FSOcr64, result: 0x0, restart: None
[26BC:0588][2026-05-11T01:28:08]i325: Registering dependency: {10ADFB94-B04E-4FE7-B76C-EE59153B82D1} on package provider: {59E1197F-8496-4EBD-BDEA-A77CC9EC8685}, package: FSOcr64
[26BC:0588][2026-05-11T01:28:08]i323: Registering package dependency provider: {A9207F06-3358-4E6D-9A87-08BAA33EEC71}, version: 6.3.5.400, package: FSSupportTool64
[26BC:0588][2026-05-11T01:28:08]i301: Applying execute package: FSSupportTool64, action: Install, path: C:\ProgramData\Package Cache\026CA172-25E2-41B6-AB1F-C2A0B13F20F4\enu\x64\FSSupportTool.msi, arguments: ' ALLUSERS="1" ARPSYSTEMCOMPONENT="1" MSIFASTINSTALL="7" BURNMSIINSTALL=1 REINSTALLMODE="muso" REBOOT=ReallySuppress'
[0DDC:1EB4][2026-05-11T01:28:09]i319: Applied execute package: FSSupportTool64, result: 0x0, restart: None
[26BC:0588][2026-05-11T01:28:09]i325: Registering dependency: {10ADFB94-B04E-4FE7-B76C-EE59153B82D1} on package provider: {A9207F06-3358-4E6D-9A87-08BAA33EEC71}, package: FSSupportTool64
[26BC:0588][2026-05-11T01:28:09]i323: Registering package dependency provider: {136F1D08-5DD2-4B52-8B2E-FA70AFE505A5}, version: 13.3.3.0, package: ErrorReporting64
[26BC:0588][2026-05-11T01:28:09]i301: Applying execute package: ErrorReporting64, action: Install, path: C:\ProgramData\Package Cache\{136F1D08-5DD2-4B52-8B2E-FA70AFE505A5}v13.3.3.0\enu\x64\ErrorReporting.msi, arguments: ' ALLUSERS="1" MSIFASTINSTALL="7" BURNMSIINSTALL=1 REINSTALLMODE="muso" REBOOT=ReallySuppress'
[0DDC:1EB4][2026-05-11T01:28:09]i319: Applied execute package: ErrorReporting64, result: 0x0, restart: None
[26BC:0588][2026-05-11T01:28:09]i325: Registering dependency: {10ADFB94-B04E-4FE7-B76C-EE59153B82D1} on package provider: {136F1D08-5DD2-4B52-8B2E-FA70AFE505A5}, package: ErrorReporting64
[26BC:0588][2026-05-11T01:28:09]i323: Registering package dependency provider: {4466ADE6-D352-4BFF-904C-B7948BA89982}, version: 8.3.5.0, package: TouchServer64
[26BC:0588][2026-05-11T01:28:09]i301: Applying execute package: TouchServer64, action: Install, path: C:\ProgramData\Package Cache\{4466ADE6-D352-4BFF-904C-B7948BA89982}v8.3.5.0\enu\x64\TouchServer.msi, arguments: ' ALLUSERS="1" MSIFASTINSTALL="7" BURNMSIINSTALL=1 REINSTALLMODE="muso" REBOOT=ReallySuppress'
[0DDC:1EB4][2026-05-11T01:28:10]i319: Applied execute package: TouchServer64, result: 0x0, restart: None
[26BC:0588][2026-05-11T01:28:10]i325: Registering dependency: {10ADFB94-B04E-4FE7-B76C-EE59153B82D1} on package provider: {4466ADE6-D352-4BFF-904C-B7948BA89982}, package: TouchServer64
[26BC:0588][2026-05-11T01:28:10]i323: Registering package dependency provider: {481435FF-97AC-11E6-8DDB-64006A5729E1}, version: 2.100.7.0, package: FusionInterface64
[26BC:0588][2026-05-11T01:28:10]i301: Applying execute package: FusionInterface64, action: Install, path: C:\ProgramData\Package Cache\{481435FF-97AC-11E6-8DDB-64006A5729E1}v2.100.7.0\enu\x64\FusionInterface.msi, arguments: ' ALLUSERS="1" MSIFASTINSTALL="7" BURNMSIINSTALL=1 REINSTALLMODE="muso" REBOOT=ReallySuppress'
[0DDC:1EB4][2026-05-11T01:28:11]i319: Applied execute package: FusionInterface64, result: 0x0, restart: None
[26BC:0588][2026-05-11T01:28:11]i325: Registering dependency: {10ADFB94-B04E-4FE7-B76C-EE59153B82D1} on package provider: {481435FF-97AC-11E6-8DDB-64006A5729E1}, package: FusionInterface64
[26BC:0588][2026-05-11T01:28:11]i323: Registering package dependency provider: {B82C22BC-37A1-475A-B85F-FBA89830CB44}, version: 12.3.7.0, package: Authorization64
[26BC:0588][2026-05-11T01:28:11]i301: Applying execute package: Authorization64, action: Install, path: C:\ProgramData\Package Cache\{B82C22BC-37A1-475A-B85F-FBA89830CB44}v12.3.7.0\enu\x64\Authorization.msi, arguments: ' ALLUSERS="1" MSIFASTINSTALL="7" BURNMSIINSTALL=1 REINSTALLMODE="muso" REBOOT=ReallySuppress'
[0DDC:1EB4][2026-05-11T01:28:15]i319: Applied execute package: Authorization64, result: 0x0, restart: None
[26BC:0588][2026-05-11T01:28:15]i325: Registering dependency: {10ADFB94-B04E-4FE7-B76C-EE59153B82D1} on package provider: {B82C22BC-37A1-475A-B85F-FBA89830CB44}, package: Authorization64
[26BC:0588][2026-05-11T01:28:15]i323: Registering package dependency provider: {B0318695-3C9A-48BA-85F6-615331251901}, version: 8.3.2.400, package: UnifiedKeyboard
[26BC:0588][2026-05-11T01:28:15]i301: Applying execute package: UnifiedKeyboard, action: Install, path: C:\ProgramData\Package Cache\{B0318695-3C9A-48BA-85F6-615331251901}v8.3.2.400\enu\x64\UnifiedKeyboard.msi, arguments: ' ALLUSERS="1" ARPSYSTEMCOMPONENT="1" MSIFASTINSTALL="7" BURNMSIINSTALL=1 REINSTALLMODE="muso" REBOOT=ReallySuppress'
[0DDC:1EB4][2026-05-11T01:28:16]i319: Applied execute package: UnifiedKeyboard, result: 0x0, restart: None
[26BC:0588][2026-05-11T01:28:16]i325: Registering dependency: {10ADFB94-B04E-4FE7-B76C-EE59153B82D1} on package provider: {B0318695-3C9A-48BA-85F6-615331251901}, package: UnifiedKeyboard
[26BC:0588][2026-05-11T01:28:16]i323: Registering package dependency provider: {C9FFAB1B-D20C-46CC-B72E-F1A2038A005C}, version: 14.0.40.101, package: FSCam64
[26BC:0588][2026-05-11T01:28:16]i301: Applying execute package: FSCam64, action: Install, path: C:\ProgramData\Package Cache\{C9FFAB1B-D20C-46CC-B72E-F1A2038A005C}v14.0.40.101\enu\x64\FSCam.msi, arguments: ' SOURCE_DIR="D:\a\_temp\jaws-evidence" ALLUSERS="1" MSIFASTINSTALL="7" BURNMSIINSTALL=1 REINSTALLMODE="muso" REBOOT=ReallySuppress'
[0DDC:1EB4][2026-05-11T01:28:16]i319: Applied execute package: FSCam64, result: 0x0, restart: None
[26BC:0588][2026-05-11T01:28:16]i325: Registering dependency: {10ADFB94-B04E-4FE7-B76C-EE59153B82D1} on package provider: {C9FFAB1B-D20C-46CC-B72E-F1A2038A005C}, package: FSCam64
[26BC:0588][2026-05-11T01:28:16]i323: Registering package dependency provider: {92F55251-4B8C-4159-98FE-B6744E925E0D}, version: 28.3.4.0, package: RDP64
[26BC:0588][2026-05-11T01:28:16]i301: Applying execute package: RDP64, action: Install, path: C:\ProgramData\Package Cache\9B84D36B-BDD2-4CDB-8C14-B6050A53A567\enu\x64\RdpSupport.msi, arguments: ' UNINSTALLBEFOREINSTALL="0" ALLUSERS="1" ARPSYSTEMCOMPONENT="1" MSIFASTINSTALL="7" BURNMSIINSTALL=1 REINSTALLMODE="muso" REBOOT=ReallySuppress'
[0DDC:1EB4][2026-05-11T01:28:18]i319: Applied execute package: RDP64, result: 0x0, restart: None
[26BC:0588][2026-05-11T01:28:18]i325: Registering dependency: {10ADFB94-B04E-4FE7-B76C-EE59153B82D1} on package provider: {92F55251-4B8C-4159-98FE-B6744E925E0D}, package: RDP64
[26BC:0588][2026-05-11T01:28:18]i323: Registering package dependency provider: {BD25E96E-17B1-487B-8342-0406697FC48D}, version: 8.3.7.0, package: Telemetry64
[26BC:0588][2026-05-11T01:28:18]i301: Applying execute package: Telemetry64, action: Install, path: C:\ProgramData\Package Cache\{BD25E96E-17B1-487B-8342-0406697FC48D}v8.3.7.0\enu\x64\Telemetry.msi, arguments: ' ALLUSERS="1" MSIFASTINSTALL="7" BURNMSIINSTALL=1 REINSTALLMODE="muso" REBOOT=ReallySuppress'
[0DDC:1EB4][2026-05-11T01:28:18]i319: Applied execute package: Telemetry64, result: 0x0, restart: None
[26BC:0588][2026-05-11T01:28:18]i325: Registering dependency: {10ADFB94-B04E-4FE7-B76C-EE59153B82D1} on package provider: {BD25E96E-17B1-487B-8342-0406697FC48D}, package: Telemetry64
[26BC:0588][2026-05-11T01:28:18]i323: Registering package dependency provider: {3DD27DD4-43F7-4921-BC60-BA9FB14CAE0E}, version: 6.3.4.400, package: VoiceAssistant64
[26BC:0588][2026-05-11T01:28:18]i301: Applying execute package: VoiceAssistant64, action: Install, path: C:\ProgramData\Package Cache\EF1427AB-10A5-4820-897D-0347107C50A2\enu\x64\VoiceAssistant.msi, arguments: ' FORCE_DEL_USERSETTINGS="0" ALLUSERS="1" ARPSYSTEMCOMPONENT="1" MSIFASTINSTALL="7" BURNMSIINSTALL=1 REINSTALLMODE="muso" REBOOT=ReallySuppress'
[0DDC:1EB4][2026-05-11T01:28:19]i319: Applied execute package: VoiceAssistant64, result: 0x0, restart: None
[26BC:0588][2026-05-11T01:28:19]i325: Registering dependency: {10ADFB94-B04E-4FE7-B76C-EE59153B82D1} on package provider: {3DD27DD4-43F7-4921-BC60-BA9FB14CAE0E}, package: VoiceAssistant64
[26BC:0588][2026-05-11T01:28:19]i323: Registering package dependency provider: {7DE4AFF5-E0A5-46A0-A335-F013AC0A67CE}, version: 27.3.9.0, package: JAWS64
[26BC:0588][2026-05-11T01:28:19]i301: Applying execute package: JAWS64, action: Install, path: C:\ProgramData\Package Cache\D3F18E22-ED75-43BE-AA7A-6235AAAB93FC\enu\x64\JAWSBase.msi, arguments: ' SOURCE_DIR="D:\a\_temp\jaws-evidence" REMOTE_ONLY="0" INSTALL_SAFE="0" FORCE_DEL_USERSETTINGS="0" OVERWRITEFILES="0" ENABLE_UNTRUSTED_FONTS_EXCEPTION="1" SETUP_LANGUAGES="enu" TANDEM="1" INSTALLERUI_LANGUAGE="" KIOSK="0" KIOSK_WITH_ACCENTSA="0" KIOSK_WITH_APOLLO2="0" KIOSK_WITH_AUTOUPDATE="0" KIOSK_WITH_BNS="0" KIOSK_WITH_BRAILLE="0" KIOSK_WITH_BRAILLE_ALVA="0" KIOSK_WITH_BRAILLE_APH="0" KIOSK_WITH_BRAILLE_BAUM="0" KIOSK_WITH_BRAILLE_BDAS="0" KIOSK_WITH_BRAILLE_BLITE="0" KIOSK_WITH_BRAILLE_BRAILIANT="0" KIOSK_WITH_BRAILLE_BRAILLELITE="0" KIOSK_WITH_BRAILLE_BRAILLENOTEAPEX="0" KIOSK_WITH_BRAILLE_BRLEDGE="0" KIOSK_WITH_BRAILLE_BRLNOTE="0" KIOSK_WITH_BRAILLE_BRLSENSE="0" KIOSK_WITH_BRAILLE_DOTPADDRIVER="0" KIOSK_WITH_BRAILLE_BRLWIN="0" KIOSK_WITH_BRAILLE_BRX="0" KIOSK_WITH_BRAILLE_ECOJAWS="0" KIOSK_WITH_BRAILLE_ELBRAILLE="0" KIOSK_WITH_BRAILLE_EUROBRAILLE="0" KIOSK_WITH_BRAILLE_FRANKAUDIODATA="0" KIOSK_WITH_BRAILLE_FSBRL="0" KIOSK_WITH_BRAILLE_FSI="0" KIOSK_WITH_BRAILLE_HANDY="0" KIOSK_WITH_BRAILLE_ORBIT_READER_20="0" KIOSK_WITH_BRAILLE_ORBIT_READER_40="" KIOSK_WITH_BRAILLE_POWERBRAILLE="0" KIOSK_WITH_BRAILLE_RBT="0" KIOSK_WITH_BRAILLE_BRAILLEPEN="" KIOSK_WITH_BRAILLE_NLSEREADER="0" KIOSK_WITH_BRAILLE_THIRDPARTYBRAILLE="0" KIOSK_WITH_BRAILLE_FSHIDBRAILLE="0" KIOSK_WITH_DECTALKACCESS32="0" KIOSK_WITH_DECTALKEXPRESS="0" KIOSK_WITH_DECTALKUSB="0" KIOSK_WITH_DONGLE="0" KIOSK_WITH_DOUBLETALKLT="0" KIOSK_WITH_FLEXTALK="0" KIOSK_WITH_ILM="0" KIOSK_WITH_JAVA="0" KIOSK_WITH_KEYNOTEGOLDSA="0" KIOSK_WITH_MS_MOBILE="0" KIOSK_WITH_NOSPEECH="0" KIOSK_WITH_OCR="0" KIOSK_WITH_REALSPEAK="0" KIOSK_WITH_REMOTE_ACCESS_SUPPORT="0" KIOSK_WITH_SAPI4="0" KIOSK_WITH_SAPI5="0" KIOSK_WITH_TRIPLETALKPCI="0" KIOSK_WITH_TRIPLETALKUSB="0" KIOSK_WITH_VOCALIZER="0" KIOSK_WITH_VOCALIZEREXPRESSIVE="0" WITH_FS_SYSTEM_EVENTS="0" SQLITE="1" XERCES="1" ENABLE_EXTERNAL_SERVICES="1" ENABLE_EXTERNAL_AI_SERVICES="1" IS_RESTRICTED_SECURITY_ENVIRONMENT="0" SILENT_MIGRATION="1" SEAMLESSUPDATER="1" SEAMLESSCRIPTUPDATES="" FACEINVIEW="1" REMOTECOMMANDSERVER="0" USERACCOUNTS="1" SHOULDSHOWLICENSEEXPIRINGDIALOG="1" REMOTEACCESSFILES="1" ALLUSERS="1" ARPSYSTEMCOMPONENT="1" MSIFASTINSTALL="7" BURNMSIINSTALL=1 REINSTALLMODE="muso" REBOOT=ReallySuppress'
[0DDC:1EB4][2026-05-11T01:28:38]i319: Applied execute package: JAWS64, result: 0x0, restart: None
[26BC:0588][2026-05-11T01:28:38]i325: Registering dependency: {10ADFB94-B04E-4FE7-B76C-EE59153B82D1} on package provider: {7DE4AFF5-E0A5-46A0-A335-F013AC0A67CE}, package: JAWS64
[26BC:0588][2026-05-11T01:28:38]i323: Registering package dependency provider: {B9E65009-9806-4FC7-AF3B-CA035570984D}, version: 27.3.9.0, package: JAWSLanguage64enu
[26BC:0588][2026-05-11T01:28:38]i301: Applying execute package: JAWSLanguage64enu, action: Install, path: C:\ProgramData\Package Cache\enu35C1773F-57EF-47F0-99C7-4F8FB7CD0513\enu\x64\JAWSLanguage.msi, arguments: ' FORCE_DEL_USERSETTINGS="0" OVERWRITEFILES="0" KIOSK="0" KIOSK_WITH_BRAILLE="0" KIOSK_WITH_REMOTE_ACCESS_SUPPORT="0" PRIMARY_LANGUAGE="1" TANDEM="1" ALLUSERS="1" ARPSYSTEMCOMPONENT="1" MSIFASTINSTALL="7" BURNMSIINSTALL=1 REINSTALLMODE="muso" REBOOT=ReallySuppress'
[0DDC:1EB4][2026-05-11T01:28:41]i319: Applied execute package: JAWSLanguage64enu, result: 0x0, restart: None
[26BC:0588][2026-05-11T01:28:41]i325: Registering dependency: {10ADFB94-B04E-4FE7-B76C-EE59153B82D1} on package provider: {B9E65009-9806-4FC7-AF3B-CA035570984D}, package: JAWSLanguage64enu
[26BC:0588][2026-05-11T01:28:41]i323: Registering package dependency provider: {D097E238-7D03-43F8-8771-8DA798791997}, version: 27.3.9.0, package: Xerces64
[26BC:0588][2026-05-11T01:28:41]i301: Applying execute package: Xerces64, action: Install, path: C:\ProgramData\Package Cache\{D097E238-7D03-43F8-8771-8DA798791997}v27.3.9.0\enu\x64\Xerces.msi, arguments: ' BLOCKCLEANINSTALL="1" ALLUSERS="1" ARPSYSTEMCOMPONENT="1" MSIFASTINSTALL="7" BURNMSIINSTALL=1 REINSTALLMODE="muso" REBOOT=ReallySuppress'
[26BC:0588][2026-05-11T01:28:41]e000: Error 0x80070643: Failed to install MSI package.
[26BC:0588][2026-05-11T01:28:41]e000: Error 0x80070643: Failed to execute MSI package.
[0DDC:1EB4][2026-05-11T01:28:41]e000: Error 0x80070643: Failed to configure per-machine MSI package.
[0DDC:1EB4][2026-05-11T01:28:41]w350: Applied non-vital package: Xerces64, encountered error: 0x80070643. Continuing...
[26BC:0588][2026-05-11T01:28:41]i325: Registering dependency: {10ADFB94-B04E-4FE7-B76C-EE59153B82D1} on package provider: {D097E238-7D03-43F8-8771-8DA798791997}, package: Xerces64
[26BC:0588][2026-05-11T01:28:41]i323: Registering package dependency provider: {8A7F4172-94D7-4D6D-8022-1406DD634C32}, version: 27.3.9.0, package: JAWSStart64enu
[26BC:0588][2026-05-11T01:28:41]i301: Applying execute package: JAWSStart64enu, action: Install, path: C:\ProgramData\Package Cache\enu2BFCF9A9-3355-4BD4-9FBA-E9AA4AB60E0C\enu\x64\JAWSStart.msi, arguments: ' ALLUSERS="1" MSIFASTINSTALL="7" BURNMSIINSTALL=1 REINSTALLMODE="muso" REBOOT=ReallySuppress'
[0DDC:1EB4][2026-05-11T01:28:42]i319: Applied execute package: JAWSStart64enu, result: 0x0, restart: None
[26BC:0588][2026-05-11T01:28:42]i325: Registering dependency: {10ADFB94-B04E-4FE7-B76C-EE59153B82D1} on package provider: {8A7F4172-94D7-4D6D-8022-1406DD634C32}, package: JAWSStart64enu
[26BC:0588][2026-05-11T01:28:42]i301: Applying execute package: PostInstall, action: Install, path: C:\ProgramData\Package Cache\8101ECD0891BA998ECF8381769D18BBAFDB975127A1FBCD3B2555F013D80A4FC\PostInstall.exe, arguments: '"C:\ProgramData\Package Cache\8101ECD0891BA998ECF8381769D18BBAFDB975127A1FBCD3B2555F013D80A4FC\PostInstall.exe" -m install -lp "D:\a\_temp\jaws-evidence\jaws-install_029_PostInstall.log" -s "D:\a\_temp\jaws-evidence" -a "D:\a\_temp\jaws-evidence\AdditionalSettings.ini" -p JAWS -v 2026 -fv 2026.2603.86.400 -l enu -i "C:\Program Files\\Freedom Scientific Installation Information\356DE2A8-01EB-464e-9C33-0EEA3F923000-2026"'
[26BC:0588][2026-05-11T01:28:42]i366: The process for package: PostInstall exited with code: 0x0. The exit code has been translated to type: Success and restart: None.
[0DDC:1EB4][2026-05-11T01:28:42]i319: Applied execute package: PostInstall, result: 0x0, restart: None
[26BC:0588][2026-05-11T01:28:42]i351: Removing cached package: UninstallSentinelSystemDriver750, from path: C:\ProgramData\Package Cache\A50EE30D1CF09FC6935D6D205D4AFAC8B197307C0122B9E6B4707FC73672EAA6\
[26BC:0588][2026-05-11T01:28:42]i351: Removing cached package: UninstallSentinelSystemDriver761, from path: C:\ProgramData\Package Cache\37F67F2A6D0477790A7F8B7BC0FEA06BD0ACE07DF8132DB7715321C20F74C844\
[0DDC:1EB4][2026-05-11T01:28:42]i373: Calculating whether to keep registration
[0DDC:1EB4][2026-05-11T01:28:42]i374:   package: vcredist2022_x86, install registration state: (permanent), cache registration state: (permanent)
[0DDC:1EB4][2026-05-11T01:28:42]i374:   package: vcredist2022_x64, install registration state: (permanent), cache registration state: (permanent)
[0DDC:1EB4][2026-05-11T01:28:42]i374:   package: vcredist2022_ARM64, install registration state: (permanent), cache registration state: (permanent)
[0DDC:1EB4][2026-05-11T01:28:42]i374:   package: MicrosoftDotNet8DesktopRuntimex86, install registration state: (permanent), cache registration state: (permanent)
[0DDC:1EB4][2026-05-11T01:28:42]i374:   package: MicrosoftDotNet8DesktopRuntimex64, install registration state: (permanent), cache registration state: (permanent)
[0DDC:1EB4][2026-05-11T01:28:42]i374:   package: MicrosoftDotNet8DesktopRuntimeARM64, install registration state: (permanent), cache registration state: (permanent)
[0DDC:1EB4][2026-05-11T01:28:42]i374:   package: MicrosoftEdgeWebView2Runtimex86, install registration state: (permanent), cache registration state: (permanent)
[0DDC:1EB4][2026-05-11T01:28:42]i374:   package: MicrosoftEdgeWebView2Runtimex64, install registration state: (permanent), cache registration state: (permanent)
[0DDC:1EB4][2026-05-11T01:28:42]i374:   package: Eloquence, install registration state: Present, cache registration state: Present
[0DDC:1EB4][2026-05-11T01:28:42]i374:   package: VidAccDriverUninstaller64, install registration state: (permanent), cache registration state: (permanent)
[0DDC:1EB4][2026-05-11T01:28:42]i374:   package: VideoAccessibility64, install registration state: Absent, cache registration state: Absent
[0DDC:1EB4][2026-05-11T01:28:42]i374:   package: OnniCompact, install registration state: (permanent), cache registration state: (permanent)
[0DDC:1EB4][2026-05-11T01:28:42]i374:   package: HenrikCompact, install registration state: (permanent), cache registration state: (permanent)
[0DDC:1EB4][2026-05-11T01:28:42]i374:   package: ClaireCompact, install registration state: (permanent), cache registration state: (permanent)
[0DDC:1EB4][2026-05-11T01:28:42]i374:   package: EllenCompact, install registration state: (permanent), cache registration state: (permanent)
[0DDC:1EB4][2026-05-11T01:28:42]i374:   package: CarmitCompact, install registration state: (permanent), cache registration state: (permanent)
[0DDC:1EB4][2026-05-11T01:28:42]i374:   package: MariskaCompact, install registration state: (permanent), cache registration state: (permanent)
[0DDC:1EB4][2026-05-11T01:28:42]i374:   package: SamanthaCompact, install registration state: (permanent), cache registration state: (permanent)
[0DDC:1EB4][2026-05-11T01:28:42]i374:   package: LailaCompact, install registration state: (permanent), cache registration state: (permanent)
[0DDC:1EB4][2026-05-11T01:28:42]i374:   package: MilenaCompact, install registration state: (permanent), cache registration state: (permanent)
[0DDC:1EB4][2026-05-11T01:28:42]i374:   package: SaraCompact, install registration state: (permanent), cache registration state: (permanent)
[0DDC:1EB4][2026-05-11T01:28:42]i374:   package: LauraCompact, install registration state: (permanent), cache registration state: (permanent)
[0DDC:1EB4][2026-05-11T01:28:42]i374:   package: OskarCompact, install registration state: (permanent), cache registration state: (permanent)
[0DDC:1EB4][2026-05-11T01:28:42]i374:   package: YeldaCompact, install registration state: (permanent), cache registration state: (permanent)
[0DDC:1EB4][2026-05-11T01:28:42]i374:   package: Utilities64, install registration state: Present, cache registration state: Present
[0DDC:1EB4][2026-05-11T01:28:42]i374:   package: UtilitiesARM64, install registration state: Absent, cache registration state: Absent
[0DDC:1EB4][2026-05-11T01:28:42]i374:   package: UninstallSentinelSystemDriver750, install registration state: Absent, cache registration state: Absent
[0DDC:1EB4][2026-05-11T01:28:42]i374:   package: UninstallSentinelSystemDriver761, install registration state: Absent, cache registration state: Absent
[0DDC:1EB4][2026-05-11T01:28:42]i374:   package: SentinelProtectionInstaller, install registration state: (permanent), cache registration state: (permanent)
[0DDC:1EB4][2026-05-11T01:28:42]i374:   package: FsElevation64, install registration state: Present, cache registration state: Present
[0DDC:1EB4][2026-05-11T01:28:42]i374:   package: FsElevationARM64, install registration state: Absent, cache registration state: Absent
[0DDC:1EB4][2026-05-11T01:28:42]i374:   package: FsTxtSvc64, install registration state: Absent, cache registration state: Absent
[0DDC:1EB4][2026-05-11T01:28:42]i374:   package: FsTxtSvcARM64, install registration state: Absent, cache registration state: Absent
[0DDC:1EB4][2026-05-11T01:28:42]i374:   package: fsSynth, install registration state: Present, cache registration state: Present
[0DDC:1EB4][2026-05-11T01:28:42]i374:   package: fsSynthARM64, install registration state: Absent, cache registration state: Absent
[0DDC:1EB4][2026-05-11T01:28:42]i374:   package: UIAHooks64, install registration state: Present, cache registration state: Present
[0DDC:1EB4][2026-05-11T01:28:42]i374:   package: UIAHooksARM64, install registration state: Absent, cache registration state: Absent
[0DDC:1EB4][2026-05-11T01:28:42]i374:   package: HookManager64, install registration state: Present, cache registration state: Present
[0DDC:1EB4][2026-05-11T01:28:42]i374:   package: HookManagerARM64, install registration state: Absent, cache registration state: Absent
[0DDC:1EB4][2026-05-11T01:28:42]i374:   package: AccEventCache64, install registration state: Present, cache registration state: Present
[0DDC:1EB4][2026-05-11T01:28:42]i374:   package: AccEventCacheARM64, install registration state: Absent, cache registration state: Absent
[0DDC:1EB4][2026-05-11T01:28:42]i374:   package: GlobalHooksDispatcher64, install registration state: Present, cache registration state: Present
[0DDC:1EB4][2026-05-11T01:28:42]i374:   package: GlobalHooksDispatcherARM64, install registration state: Absent, cache registration state: Absent
[0DDC:1EB4][2026-05-11T01:28:42]i374:   package: GateManager64, install registration state: Present, cache registration state: Present
[0DDC:1EB4][2026-05-11T01:28:42]i374:   package: GateManagerARM64, install registration state: Absent, cache registration state: Absent
[0DDC:1EB4][2026-05-11T01:28:42]i374:   package: FSReader64, install registration state: (permanent), cache registration state: (permanent)
[0DDC:1EB4][2026-05-11T01:28:42]i374:   package: FSReaderARM64, install registration state: (permanent), cache registration state: (permanent)
[0DDC:1EB4][2026-05-11T01:28:42]i374:   package: TableOfContents64, install registration state: (permanent), cache registration state: (permanent)
[0DDC:1EB4][2026-05-11T01:28:42]i374:   package: FSOmniPage, install registration state: Present, cache registration state: Present
[0DDC:1EB4][2026-05-11T01:28:42]i374:   package: FSOmniPageAsian, install registration state: Absent, cache registration state: Absent
[0DDC:1EB4][2026-05-11T01:28:42]i374:   package: FSOcr64, install registration state: Present, cache registration state: Present
[0DDC:1EB4][2026-05-11T01:28:42]i374:   package: FSOcrARM64, install registration state: Absent, cache registration state: Absent
[0DDC:1EB4][2026-05-11T01:28:42]i374:   package: FSSupportTool64, install registration state: Present, cache registration state: Present
[0DDC:1EB4][2026-05-11T01:28:42]i374:   package: FSSupportToolARM64, install registration state: Absent, cache registration state: Absent
[0DDC:1EB4][2026-05-11T01:28:42]i374:   package: ErrorReporting64, install registration state: Present, cache registration state: Present
[0DDC:1EB4][2026-05-11T01:28:42]i374:   package: ErrorReportingARM64, install registration state: Absent, cache registration state: Absent
[0DDC:1EB4][2026-05-11T01:28:42]i374:   package: TouchServer64, install registration state: Present, cache registration state: Present
[0DDC:1EB4][2026-05-11T01:28:42]i374:   package: TouchServerARM64, install registration state: Absent, cache registration state: Absent
[0DDC:1EB4][2026-05-11T01:28:42]i374:   package: FusionInterface64, install registration state: Present, cache registration state: Present
[0DDC:1EB4][2026-05-11T01:28:42]i374:   package: Authorization64, install registration state: Present, cache registration state: Present
[0DDC:1EB4][2026-05-11T01:28:42]i374:   package: UnifiedKeyboard, install registration state: Present, cache registration state: Present
[0DDC:1EB4][2026-05-11T01:28:42]i374:   package: UnifiedKeyboardARM64, install registration state: Absent, cache registration state: Absent
[0DDC:1EB4][2026-05-11T01:28:42]i374:   package: FSCam64, install registration state: Present, cache registration state: Present
[0DDC:1EB4][2026-05-11T01:28:42]i374:   package: UninstallRDP64, install registration state: Absent, cache registration state: Absent
[0DDC:1EB4][2026-05-11T01:28:42]i374:   package: RDP64, install registration state: Present, cache registration state: Present
[0DDC:1EB4][2026-05-11T01:28:42]i374:   package: RDPARM64, install registration state: Absent, cache registration state: Absent
[0DDC:1EB4][2026-05-11T01:28:42]i374:   package: Telemetry64, install registration state: Present, cache registration state: Present
[0DDC:1EB4][2026-05-11T01:28:42]i374:   package: TelemetryARM64, install registration state: Absent, cache registration state: Absent
[0DDC:1EB4][2026-05-11T01:28:42]i374:   package: VoiceAssistant64, install registration state: Present, cache registration state: Present
[0DDC:1EB4][2026-05-11T01:28:42]i374:   package: VoiceAssistantARM64, install registration state: Absent, cache registration state: Absent
[0DDC:1EB4][2026-05-11T01:28:42]i374:   package: JAWS64, install registration state: Present, cache registration state: Present
[0DDC:1EB4][2026-05-11T01:28:42]i374:   package: JAWSARM64, install registration state: Absent, cache registration state: Absent
[0DDC:1EB4][2026-05-11T01:28:42]i374:   package: JAWSLanguage64enu, install registration state: Present, cache registration state: Present
[0DDC:1EB4][2026-05-11T01:28:42]i374:   package: JAWSLanguageARM64enu, install registration state: Absent, cache registration state: Absent
[0DDC:1EB4][2026-05-11T01:28:42]i374:   package: Xerces64, install registration state: Absent, cache registration state: Present
[0DDC:1EB4][2026-05-11T01:28:42]i374:   package: JAWSLanguage64arb, install registration state: Absent, cache registration state: Absent
[0DDC:1EB4][2026-05-11T01:28:42]i374:   package: JAWSLanguageARM64arb, install registration state: Absent, cache registration state: Absent
[0DDC:1EB4][2026-05-11T01:28:42]i374:   package: JAWSLanguage64dan, install registration state: Absent, cache registration state: Absent
[0DDC:1EB4][2026-05-11T01:28:42]i374:   package: JAWSLanguageARM64dan, install registration state: Absent, cache registration state: Absent
[0DDC:1EB4][2026-05-11T01:28:42]i374:   package: JAWSLanguage64deu, install registration state: Absent, cache registration state: Absent
[0DDC:1EB4][2026-05-11T01:28:42]i374:   package: JAWSLanguageARM64deu, install registration state: Absent, cache registration state: Absent
[0DDC:1EB4][2026-05-11T01:28:42]i374:   package: JAWSLanguage64esn, install registration state: Absent, cache registration state: Absent
[0DDC:1EB4][2026-05-11T01:28:42]i374:   package: JAWSLanguageARM64esn, install registration state: Absent, cache registration state: Absent
[0DDC:1EB4][2026-05-11T01:28:42]i374:   package: JAWSLanguage64fin, install registration state: Absent, cache registration state: Absent
[0DDC:1EB4][2026-05-11T01:28:42]i374:   package: JAWSLanguageARM64fin, install registration state: Absent, cache registration state: Absent
[0DDC:1EB4][2026-05-11T01:28:42]i374:   package: JAWSLanguage64fra, install registration state: Absent, cache registration state: Absent
[0DDC:1EB4][2026-05-11T01:28:42]i374:   package: JAWSLanguageARM64fra, install registration state: Absent, cache registration state: Absent
[0DDC:1EB4][2026-05-11T01:28:42]i374:   package: JAWSLanguage64frc, install registration state: Absent, cache registration state: Absent
[0DDC:1EB4][2026-05-11T01:28:42]i374:   package: JAWSLanguageARM64frc, install registration state: Absent, cache registration state: Absent
[0DDC:1EB4][2026-05-11T01:28:42]i374:   package: JAWSLanguage64heb, install registration state: Absent, cache registration state: Absent
[0DDC:1EB4][2026-05-11T01:28:42]i374:   package: JAWSLanguageARM64heb, install registration state: Absent, cache registration state: Absent
[0DDC:1EB4][2026-05-11T01:28:42]i374:   package: JAWSLanguage64hun, install registration state: Absent, cache registration state: Absent
[0DDC:1EB4][2026-05-11T01:28:42]i374:   package: JAWSLanguageARM64hun, install registration state: Absent, cache registration state: Absent
[0DDC:1EB4][2026-05-11T01:28:42]i374:   package: JAWSLanguage64ita, install registration state: Absent, cache registration state: Absent
[0DDC:1EB4][2026-05-11T01:28:42]i374:   package: JAWSLanguageARM64ita, install registration state: Absent, cache registration state: Absent
[0DDC:1EB4][2026-05-11T01:28:42]i374:   package: JAWSLanguage64kkz, install registration state: Absent, cache registration state: Absent
[0DDC:1EB4][2026-05-11T01:28:42]i374:   package: JAWSLanguageARM64kkz, install registration state: Absent, cache registration state: Absent
[0DDC:1EB4][2026-05-11T01:28:42]i374:   package: JAWSLanguage64nlb, install registration state: Absent, cache registration state: Absent
[0DDC:1EB4][2026-05-11T01:28:42]i374:   package: JAWSLanguageARM64nlb, install registration state: Absent, cache registration state: Absent
[0DDC:1EB4][2026-05-11T01:28:42]i374:   package: JAWSLanguage64nld, install registration state: Absent, cache registration state: Absent
[0DDC:1EB4][2026-05-11T01:28:42]i374:   package: JAWSLanguageARM64nld, install registration state: Absent, cache registration state: Absent
[0DDC:1EB4][2026-05-11T01:28:42]i374:   package: JAWSLanguage64nor, install registration state: Absent, cache registration state: Absent
[0DDC:1EB4][2026-05-11T01:28:42]i374:   package: JAWSLanguageARM64nor, install registration state: Absent, cache registration state: Absent
[0DDC:1EB4][2026-05-11T01:28:42]i374:   package: JAWSLanguage64ptb, install registration state: Absent, cache registration state: Absent
[0DDC:1EB4][2026-05-11T01:28:42]i374:   package: JAWSLanguageARM64ptb, install registration state: Absent, cache registration state: Absent
[0DDC:1EB4][2026-05-11T01:28:42]i374:   package: JAWSLanguage64rus, install registration state: Absent, cache registration state: Absent
[0DDC:1EB4][2026-05-11T01:28:42]i374:   package: JAWSLanguageARM64rus, install registration state: Absent, cache registration state: Absent
[0DDC:1EB4][2026-05-11T01:28:42]i374:   package: JAWSLanguage64sky, install registration state: Absent, cache registration state: Absent
[0DDC:1EB4][2026-05-11T01:28:42]i374:   package: JAWSLanguageARM64sky, install registration state: Absent, cache registration state: Absent
[0DDC:1EB4][2026-05-11T01:28:42]i374:   package: JAWSLanguage64sve, install registration state: Absent, cache registration state: Absent
[0DDC:1EB4][2026-05-11T01:28:42]i374:   package: JAWSLanguageARM64sve, install registration state: Absent, cache registration state: Absent
[0DDC:1EB4][2026-05-11T01:28:42]i374:   package: JAWSLanguage64trk, install registration state: Absent, cache registration state: Absent
[0DDC:1EB4][2026-05-11T01:28:42]i374:   package: JAWSLanguageARM64trk, install registration state: Absent, cache registration state: Absent
[0DDC:1EB4][2026-05-11T01:28:42]i374:   package: JAWSLanguage64ukr, install registration state: Absent, cache registration state: Absent
[0DDC:1EB4][2026-05-11T01:28:42]i374:   package: JAWSLanguageARM64ukr, install registration state: Absent, cache registration state: Absent
[0DDC:1EB4][2026-05-11T01:28:42]i374:   package: JAWSStart64arb, install registration state: Absent, cache registration state: Absent
[0DDC:1EB4][2026-05-11T01:28:42]i374:   package: JAWSStartARM64arb, install registration state: Absent, cache registration state: Absent
[0DDC:1EB4][2026-05-11T01:28:42]i374:   package: JAWSStart64deu, install registration state: Absent, cache registration state: Absent
[0DDC:1EB4][2026-05-11T01:28:42]i374:   package: JAWSStartARM64deu, install registration state: Absent, cache registration state: Absent
[0DDC:1EB4][2026-05-11T01:28:42]i374:   package: JAWSStart64dan, install registration state: Absent, cache registration state: Absent
[0DDC:1EB4][2026-05-11T01:28:42]i374:   package: JAWSStartARM64dan, install registration state: Absent, cache registration state: Absent
[0DDC:1EB4][2026-05-11T01:28:42]i374:   package: JAWSStart64enu, install registration state: Present, cache registration state: Present
[0DDC:1EB4][2026-05-11T01:28:42]i374:   package: JAWSStartARM64enu, install registration state: Absent, cache registration state: Absent
[0DDC:1EB4][2026-05-11T01:28:42]i374:   package: JAWSStart64esn, install registration state: Absent, cache registration state: Absent
[0DDC:1EB4][2026-05-11T01:28:42]i374:   package: JAWSStartARM64esn, install registration state: Absent, cache registration state: Absent
[0DDC:1EB4][2026-05-11T01:28:42]i374:   package: JAWSStart64fin, install registration state: Absent, cache registration state: Absent
[0DDC:1EB4][2026-05-11T01:28:42]i374:   package: JAWSStartARM64fin, install registration state: Absent, cache registration state: Absent
[0DDC:1EB4][2026-05-11T01:28:42]i374:   package: JAWSStart64fra, install registration state: Absent, cache registration state: Absent
[0DDC:1EB4][2026-05-11T01:28:42]i374:   package: JAWSStartARM64fra, install registration state: Absent, cache registration state: Absent
[0DDC:1EB4][2026-05-11T01:28:42]i374:   package: JAWSStart64frc, install registration state: Absent, cache registration state: Absent
[0DDC:1EB4][2026-05-11T01:28:42]i374:   package: JAWSStartARM64frc, install registration state: Absent, cache registration state: Absent
[0DDC:1EB4][2026-05-11T01:28:42]i374:   package: JAWSStart64heb, install registration state: Absent, cache registration state: Absent
[0DDC:1EB4][2026-05-11T01:28:42]i374:   package: JAWSStartARM64heb, install registration state: Absent, cache registration state: Absent
[0DDC:1EB4][2026-05-11T01:28:42]i374:   package: JAWSStart64hun, install registration state: Absent, cache registration state: Absent
[0DDC:1EB4][2026-05-11T01:28:42]i374:   package: JAWSStartARM64hun, install registration state: Absent, cache registration state: Absent
[0DDC:1EB4][2026-05-11T01:28:42]i374:   package: JAWSStart64ita, install registration state: Absent, cache registration state: Absent
[0DDC:1EB4][2026-05-11T01:28:42]i374:   package: JAWSStartARM64ita, install registration state: Absent, cache registration state: Absent
[0DDC:1EB4][2026-05-11T01:28:42]i374:   package: JAWSStart64kkz, install registration state: Absent, cache registration state: Absent
[0DDC:1EB4][2026-05-11T01:28:42]i374:   package: JAWSStartARM64kkz, install registration state: Absent, cache registration state: Absent
[0DDC:1EB4][2026-05-11T01:28:42]i374:   package: JAWSStart64nlb, install registration state: Absent, cache registration state: Absent
[0DDC:1EB4][2026-05-11T01:28:42]i374:   package: JAWSStartARM64nlb, install registration state: Absent, cache registration state: Absent
[0DDC:1EB4][2026-05-11T01:28:42]i374:   package: JAWSStart64nld, install registration state: Absent, cache registration state: Absent
[0DDC:1EB4][2026-05-11T01:28:42]i374:   package: JAWSStartARM64nld, install registration state: Absent, cache registration state: Absent
[0DDC:1EB4][2026-05-11T01:28:42]i374:   package: JAWSStart64nor, install registration state: Absent, cache registration state: Absent
[0DDC:1EB4][2026-05-11T01:28:42]i374:   package: JAWSStartARM64nor, install registration state: Absent, cache registration state: Absent
[0DDC:1EB4][2026-05-11T01:28:42]i374:   package: JAWSStart64ptb, install registration state: Absent, cache registration state: Absent
[0DDC:1EB4][2026-05-11T01:28:42]i374:   package: JAWSStartARM64ptb, install registration state: Absent, cache registration state: Absent
[0DDC:1EB4][2026-05-11T01:28:42]i374:   package: JAWSStart64rus, install registration state: Absent, cache registration state: Absent
[0DDC:1EB4][2026-05-11T01:28:42]i374:   package: JAWSStartARM64rus, install registration state: Absent, cache registration state: Absent
[0DDC:1EB4][2026-05-11T01:28:42]i374:   package: JAWSStart64sky, install registration state: Absent, cache registration state: Absent
[0DDC:1EB4][2026-05-11T01:28:42]i374:   package: JAWSStartARM64sky, install registration state: Absent, cache registration state: Absent
[0DDC:1EB4][2026-05-11T01:28:42]i374:   package: JAWSStart64sve, install registration state: Absent, cache registration state: Absent
[0DDC:1EB4][2026-05-11T01:28:42]i374:   package: JAWSStartARM64sve, install registration state: Absent, cache registration state: Absent
[0DDC:1EB4][2026-05-11T01:28:42]i374:   package: JAWSStart64trk, install registration state: Absent, cache registration state: Absent
[0DDC:1EB4][2026-05-11T01:28:42]i374:   package: JAWSStartARM64trk, install registration state: Absent, cache registration state: Absent
[0DDC:1EB4][2026-05-11T01:28:42]i374:   package: JAWSStart64ukr, install registration state: Absent, cache registration state: Absent
[0DDC:1EB4][2026-05-11T01:28:42]i374:   package: JAWSStartARM64ukr, install registration state: Absent, cache registration state: Absent
[0DDC:1EB4][2026-05-11T01:28:42]i374:   package: PostInstall, install registration state: Present, cache registration state: Present
[0DDC:1EB4][2026-05-11T01:28:42]i374:   package: PostInstallARM64, install registration state: Absent, cache registration state: Absent
[0DDC:1EB4][2026-05-11T01:28:42]i372: Session end, registration key: SOFTWARE\Microsoft\Windows\CurrentVersion\Uninstall\{10ADFB94-B04E-4FE7-B76C-EE59153B82D1}, resume: ARP, restart: None, disable resume: No, default registration: Full, ba requested registration: Full
[26BC:0588][2026-05-11T01:28:42]i371: Updating session, registration key: SOFTWARE\Microsoft\Windows\CurrentVersion\Uninstall\{10ADFB94-B04E-4FE7-B76C-EE59153B82D1}, resume: ARP, restart initiated: No, disable resume: No
[26BC:0588][2026-05-11T01:28:42]i420: Resuming automatic updates.
[26BC:0588][2026-05-11T01:28:42]i421: Resumed automatic updates.
[0DDC:1EB4][2026-05-11T01:28:42]i399: Apply complete, result: 0x0, restart: None, ba requested restart:  No
[0DDC:1EB4][2026-05-11T01:28:42]i500: Shutting down, exit code: 0x0
[0DDC:1C6C][2026-05-11T01:28:42]e000: SetupApp: The setup is silent. Skipping launch exe on install.
[0DDC:1C6C][2026-05-11T01:28:47]e000: SetupApp: InstallerEvent, 0x0
[0DDC:1EB4][2026-05-11T01:28:47]i502: Cleanup begin.
[0DDC:1EB4][2026-05-11T01:28:47]i503: Cleanup not required due to running Apply.
[0DDC:1EB4][2026-05-11T01:28:47]i599: Cleanup complete, result: 0x0
[0DDC:1EB4][2026-05-11T01:28:47]i410: Variable: AdditionalSettingsFile = D:\a\_temp\jaws-evidence\AdditionalSettings.ini
[0DDC:1EB4][2026-05-11T01:28:47]i410: Variable: AutoLauncherRootPath = C:\Program Files\\Freedom Scientific\JAWS\2026
[0DDC:1EB4][2026-05-11T01:28:47]i410: Variable: DefinedSetupLanguages = 
[0DDC:1EB4][2026-05-11T01:28:47]i410: Variable: DefinedSetupPrimaryLanguage = 
[0DDC:1EB4][2026-05-11T01:28:47]i410: Variable: DefinedSetupUILanguage = 
[0DDC:1EB4][2026-05-11T01:28:47]i410: Variable: DetectedIsWin11OrGreater = 1
[0DDC:1EB4][2026-05-11T01:28:47]i410: Variable: DetectedNativeDotNet8MaxVersion = 8.0.26.0
[0DDC:1EB4][2026-05-11T01:28:47]i410: Variable: DetectedSystemPlatform = x64
[0DDC:1EB4][2026-05-11T01:28:47]i410: Variable: DetectedWOW64DotNet8MaxVersion = 8.0.26.0
[0DDC:1EB4][2026-05-11T01:28:47]i410: Variable: DotNet8Version = 8.0.24.0
[0DDC:1EB4][2026-05-11T01:28:47]i410: Variable: Eloquence_FileExists = 0
[0DDC:1EB4][2026-05-11T01:28:47]i410: Variable: EnableSetupLanguageSelection = 1
[0DDC:1EB4][2026-05-11T01:28:47]i410: Variable: FsElevation_FileExists = 0
[0DDC:1EB4][2026-05-11T01:28:47]i410: Variable: FSReader64_Exclusive_SetupLanguages = *,dan|*,deu|enu|*,esn|*,fin|*,fra|*,frc|*,hun|*,nlb|*,nld|*,nor|*,rus|*,sve
[0DDC:1EB4][2026-05-11T01:28:47]i410: Variable: FSReaderARM64_Exclusive_SetupLanguages = *,dan|*,deu|enu|*,esn|*,fin|*,fra|*,frc|*,hun|*,nlb|*,nld|*,nor|*,rus|*,sve
[0DDC:1EB4][2026-05-11T01:28:47]i410: Variable: FsTxtSvc64_FileExists = 0
[0DDC:1EB4][2026-05-11T01:28:47]i410: Variable: InstallationInformationPath = C:\Program Files\\Freedom Scientific Installation Information\356DE2A8-01EB-464e-9C33-0EEA3F923000-2026
[0DDC:1EB4][2026-05-11T01:28:47]i410: Variable: InstallRequestedComponents = 
[0DDC:1EB4][2026-05-11T01:28:47]i410: Variable: JAWS64_ENABLE_EXTERNAL_AI_SERVICES = 1
[0DDC:1EB4][2026-05-11T01:28:47]i410: Variable: JAWS64_ENABLE_EXTERNAL_SERVICES = 1
[0DDC:1EB4][2026-05-11T01:28:47]i410: Variable: JAWS64_ENABLE_UNTRUSTED_FONTS_EXCEPTION = 1
[0DDC:1EB4][2026-05-11T01:28:47]i410: Variable: JAWS64_FACEINVIEW = 1
[0DDC:1EB4][2026-05-11T01:28:47]i410: Variable: JAWS64_INSTALL_SAFE = 0
[0DDC:1EB4][2026-05-11T01:28:47]i410: Variable: JAWS64_INSTALLERUI_LANGUAGE = 
[0DDC:1EB4][2026-05-11T01:28:47]i410: Variable: JAWS64_IS_RESTRICTED_SECURITY_ENVIRONMENT = 0
[0DDC:1EB4][2026-05-11T01:28:47]i410: Variable: JAWS64_KIOSK = 0
[0DDC:1EB4][2026-05-11T01:28:47]i410: Variable: JAWS64_KIOSK_WITH_ACCENTSA = 0
[0DDC:1EB4][2026-05-11T01:28:47]i410: Variable: JAWS64_KIOSK_WITH_APOLLO2 = 0
[0DDC:1EB4][2026-05-11T01:28:47]i410: Variable: JAWS64_KIOSK_WITH_AUTOUPDATE = 0
[0DDC:1EB4][2026-05-11T01:28:47]i410: Variable: JAWS64_KIOSK_WITH_BNS = 0
[0DDC:1EB4][2026-05-11T01:28:47]i410: Variable: JAWS64_KIOSK_WITH_BRAILLE = 0
[0DDC:1EB4][2026-05-11T01:28:47]i410: Variable: JAWS64_KIOSK_WITH_BRAILLE_ALVA = 0
[0DDC:1EB4][2026-05-11T01:28:47]i410: Variable: JAWS64_KIOSK_WITH_BRAILLE_APH = 0
[0DDC:1EB4][2026-05-11T01:28:47]i410: Variable: JAWS64_KIOSK_WITH_BRAILLE_BAUM = 0
[0DDC:1EB4][2026-05-11T01:28:47]i410: Variable: JAWS64_KIOSK_WITH_BRAILLE_BDAS = 0
[0DDC:1EB4][2026-05-11T01:28:47]i410: Variable: JAWS64_KIOSK_WITH_BRAILLE_BLITE = 0
[0DDC:1EB4][2026-05-11T01:28:47]i410: Variable: JAWS64_KIOSK_WITH_BRAILLE_BRAILIANT = 0
[0DDC:1EB4][2026-05-11T01:28:47]i410: Variable: JAWS64_KIOSK_WITH_BRAILLE_BRAILLELITE = 0
[0DDC:1EB4][2026-05-11T01:28:47]i410: Variable: JAWS64_KIOSK_WITH_BRAILLE_BRAILLENOTEAPEX = 0
[0DDC:1EB4][2026-05-11T01:28:47]i410: Variable: JAWS64_KIOSK_WITH_BRAILLE_BRLEDGE = 0
[0DDC:1EB4][2026-05-11T01:28:47]i410: Variable: JAWS64_KIOSK_WITH_BRAILLE_BRLNOTE = 0
[0DDC:1EB4][2026-05-11T01:28:47]i410: Variable: JAWS64_KIOSK_WITH_BRAILLE_BRLSENSE = 0
[0DDC:1EB4][2026-05-11T01:28:47]i410: Variable: JAWS64_KIOSK_WITH_BRAILLE_BRLWIN = 0
[0DDC:1EB4][2026-05-11T01:28:47]i410: Variable: JAWS64_KIOSK_WITH_BRAILLE_BRX = 0
[0DDC:1EB4][2026-05-11T01:28:47]i410: Variable: JAWS64_KIOSK_WITH_BRAILLE_DOTPADDRIVER = 0
[0DDC:1EB4][2026-05-11T01:28:47]i410: Variable: JAWS64_KIOSK_WITH_BRAILLE_ECOJAWS = 0
[0DDC:1EB4][2026-05-11T01:28:47]i410: Variable: JAWS64_KIOSK_WITH_BRAILLE_ELBRAILLE = 0
[0DDC:1EB4][2026-05-11T01:28:47]i410: Variable: JAWS64_KIOSK_WITH_BRAILLE_EUROBRAILLE = 0
[0DDC:1EB4][2026-05-11T01:28:47]i410: Variable: JAWS64_KIOSK_WITH_BRAILLE_FRANKAUDIODATA = 0
[0DDC:1EB4][2026-05-11T01:28:47]i410: Variable: JAWS64_KIOSK_WITH_BRAILLE_FSBRL = 0
[0DDC:1EB4][2026-05-11T01:28:47]i410: Variable: JAWS64_KIOSK_WITH_BRAILLE_FSHIDBRAILLE = 0
[0DDC:1EB4][2026-05-11T01:28:47]i410: Variable: JAWS64_KIOSK_WITH_BRAILLE_FSI = 0
[0DDC:1EB4][2026-05-11T01:28:47]i410: Variable: JAWS64_KIOSK_WITH_BRAILLE_HANDY = 0
[0DDC:1EB4][2026-05-11T01:28:47]i410: Variable: JAWS64_KIOSK_WITH_BRAILLE_NLSEREADER = 0
[0DDC:1EB4][2026-05-11T01:28:47]i410: Variable: JAWS64_KIOSK_WITH_BRAILLE_ORBIT_READER_20 = 0
[0DDC:1EB4][2026-05-11T01:28:47]i410: Variable: JAWS64_KIOSK_WITH_BRAILLE_POWERBRAILLE = 0
[0DDC:1EB4][2026-05-11T01:28:47]i410: Variable: JAWS64_KIOSK_WITH_BRAILLE_RBT = 0
[0DDC:1EB4][2026-05-11T01:28:47]i410: Variable: JAWS64_KIOSK_WITH_BRAILLE_THIRDPARTYBRAILLE = 0
[0DDC:1EB4][2026-05-11T01:28:47]i410: Variable: JAWS64_KIOSK_WITH_DECTALKACCESS32 = 0
[0DDC:1EB4][2026-05-11T01:28:47]i410: Variable: JAWS64_KIOSK_WITH_DECTALKEXPRESS = 0
[0DDC:1EB4][2026-05-11T01:28:47]i410: Variable: JAWS64_KIOSK_WITH_DECTALKUSB = 0
[0DDC:1EB4][2026-05-11T01:28:47]i410: Variable: JAWS64_KIOSK_WITH_DONGLE = 0
[0DDC:1EB4][2026-05-11T01:28:47]i410: Variable: JAWS64_KIOSK_WITH_DOUBLETALKLT = 0
[0DDC:1EB4][2026-05-11T01:28:47]i410: Variable: JAWS64_KIOSK_WITH_FLEXTALK = 0
[0DDC:1EB4][2026-05-11T01:28:47]i410: Variable: JAWS64_KIOSK_WITH_ILM = 0
[0DDC:1EB4][2026-05-11T01:28:47]i410: Variable: JAWS64_KIOSK_WITH_JAVA = 0
[0DDC:1EB4][2026-05-11T01:28:47]i410: Variable: JAWS64_KIOSK_WITH_KEYNOTEGOLDSA = 0
[0DDC:1EB4][2026-05-11T01:28:47]i410: Variable: JAWS64_KIOSK_WITH_MS_MOBILE = 0
[0DDC:1EB4][2026-05-11T01:28:47]i410: Variable: JAWS64_KIOSK_WITH_NOSPEECH = 0
[0DDC:1EB4][2026-05-11T01:28:47]i410: Variable: JAWS64_KIOSK_WITH_OCR = 0
[0DDC:1EB4][2026-05-11T01:28:47]i410: Variable: JAWS64_KIOSK_WITH_REALSPEAK = 0
[0DDC:1EB4][2026-05-11T01:28:47]i410: Variable: JAWS64_KIOSK_WITH_REMOTE_ACCESS_SUPPORT = 0
[0DDC:1EB4][2026-05-11T01:28:47]i410: Variable: JAWS64_KIOSK_WITH_SAPI4 = 0
[0DDC:1EB4][2026-05-11T01:28:47]i410: Variable: JAWS64_KIOSK_WITH_SAPI5 = 0
[0DDC:1EB4][2026-05-11T01:28:47]i410: Variable: JAWS64_KIOSK_WITH_TRIPLETALKPCI = 0
[0DDC:1EB4][2026-05-11T01:28:47]i410: Variable: JAWS64_KIOSK_WITH_TRIPLETALKUSB = 0
[0DDC:1EB4][2026-05-11T01:28:47]i410: Variable: JAWS64_KIOSK_WITH_VOCALIZER = 0
[0DDC:1EB4][2026-05-11T01:28:47]i410: Variable: JAWS64_KIOSK_WITH_VOCALIZEREXPRESSIVE = 0
[0DDC:1EB4][2026-05-11T01:28:47]i410: Variable: JAWS64_OVERWRITEFILES = 0
[0DDC:1EB4][2026-05-11T01:28:47]i410: Variable: JAWS64_REMOTE_ONLY = 0
[0DDC:1EB4][2026-05-11T01:28:47]i410: Variable: JAWS64_REMOTEACCESSFILES = 1
[0DDC:1EB4][2026-05-11T01:28:47]i410: Variable: JAWS64_REMOTECOMMANDSERVER = 0
[0DDC:1EB4][2026-05-11T01:28:47]i410: Variable: JAWS64_SEAMLESSCRIPTUPDATES = 
[0DDC:1EB4][2026-05-11T01:28:47]i410: Variable: JAWS64_SEAMLESSUPDATER = 1
[0DDC:1EB4][2026-05-11T01:28:47]i410: Variable: JAWS64_SETUP_LANGUAGES = enu
[0DDC:1EB4][2026-05-11T01:28:47]i410: Variable: JAWS64_SHOULDSHOWLICENSEEXPIRINGDIALOG = 1
[0DDC:1EB4][2026-05-11T01:28:47]i410: Variable: JAWS64_SILENT_MIGRATION = 1
[0DDC:1EB4][2026-05-11T01:28:47]i410: Variable: JAWS64_SQLITE = 1
[0DDC:1EB4][2026-05-11T01:28:47]i410: Variable: JAWS64_TANDEM = 1
[0DDC:1EB4][2026-05-11T01:28:47]i410: Variable: JAWS64_USERACCOUNTS = 1
[0DDC:1EB4][2026-05-11T01:28:47]i410: Variable: JAWS64_WITH_FS_SYSTEM_EVENTS = 0
[0DDC:1EB4][2026-05-11T01:28:47]i410: Variable: JAWS64_XERCES = 1
[0DDC:1EB4][2026-05-11T01:28:47]i410: Variable: JAWS64PackageId = JAWS64
[0DDC:1EB4][2026-05-11T01:28:47]i410: Variable: JAWSARM64_ENABLE_EXTERNAL_AI_SERVICES = 1
[0DDC:1EB4][2026-05-11T01:28:47]i410: Variable: JAWSARM64_ENABLE_EXTERNAL_SERVICES = 1
[0DDC:1EB4][2026-05-11T01:28:47]i410: Variable: JAWSARM64_ENABLE_UNTRUSTED_FONTS_EXCEPTION = 1
[0DDC:1EB4][2026-05-11T01:28:47]i410: Variable: JAWSARM64_FACEINVIEW = 1
[0DDC:1EB4][2026-05-11T01:28:47]i410: Variable: JAWSARM64_INSTALL_SAFE = 0
[0DDC:1EB4][2026-05-11T01:28:47]i410: Variable: JAWSARM64_INSTALLERUI_LANGUAGE = 
[0DDC:1EB4][2026-05-11T01:28:47]i410: Variable: JAWSARM64_IS_RESTRICTED_SECURITY_ENVIRONMENT = 0
[0DDC:1EB4][2026-05-11T01:28:47]i410: Variable: JAWSARM64_KIOSK = 0
[0DDC:1EB4][2026-05-11T01:28:47]i410: Variable: JAWSARM64_KIOSK_WITH_ACCENTSA = 0
[0DDC:1EB4][2026-05-11T01:28:47]i410: Variable: JAWSARM64_KIOSK_WITH_APOLLO2 = 0
[0DDC:1EB4][2026-05-11T01:28:47]i410: Variable: JAWSARM64_KIOSK_WITH_AUTOUPDATE = 0
[0DDC:1EB4][2026-05-11T01:28:47]i410: Variable: JAWSARM64_KIOSK_WITH_BNS = 0
[0DDC:1EB4][2026-05-11T01:28:47]i410: Variable: JAWSARM64_KIOSK_WITH_BRAILLE = 0
[0DDC:1EB4][2026-05-11T01:28:47]i410: Variable: JAWSARM64_KIOSK_WITH_BRAILLE_ALVA = 0
[0DDC:1EB4][2026-05-11T01:28:47]i410: Variable: JAWSARM64_KIOSK_WITH_BRAILLE_APH = 0
[0DDC:1EB4][2026-05-11T01:28:47]i410: Variable: JAWSARM64_KIOSK_WITH_BRAILLE_BAUM = 0
[0DDC:1EB4][2026-05-11T01:28:47]i410: Variable: JAWSARM64_KIOSK_WITH_BRAILLE_BDAS = 0
[0DDC:1EB4][2026-05-11T01:28:47]i410: Variable: JAWSARM64_KIOSK_WITH_BRAILLE_BLITE = 0
[0DDC:1EB4][2026-05-11T01:28:47]i410: Variable: JAWSARM64_KIOSK_WITH_BRAILLE_BRAILIANT = 0
[0DDC:1EB4][2026-05-11T01:28:47]i410: Variable: JAWSARM64_KIOSK_WITH_BRAILLE_BRAILLELITE = 0
[0DDC:1EB4][2026-05-11T01:28:47]i410: Variable: JAWSARM64_KIOSK_WITH_BRAILLE_BRAILLENOTEAPEX = 0
[0DDC:1EB4][2026-05-11T01:28:47]i410: Variable: JAWSARM64_KIOSK_WITH_BRAILLE_BRLEDGE = 0
[0DDC:1EB4][2026-05-11T01:28:47]i410: Variable: JAWSARM64_KIOSK_WITH_BRAILLE_BRLNOTE = 0
[0DDC:1EB4][2026-05-11T01:28:47]i410: Variable: JAWSARM64_KIOSK_WITH_BRAILLE_BRLSENSE = 0
[0DDC:1EB4][2026-05-11T01:28:47]i410: Variable: JAWSARM64_KIOSK_WITH_BRAILLE_BRLWIN = 0
[0DDC:1EB4][2026-05-11T01:28:47]i410: Variable: JAWSARM64_KIOSK_WITH_BRAILLE_BRX = 0
[0DDC:1EB4][2026-05-11T01:28:47]i410: Variable: JAWSARM64_KIOSK_WITH_BRAILLE_DOTPADDRIVER = 0
[0DDC:1EB4][2026-05-11T01:28:47]i410: Variable: JAWSARM64_KIOSK_WITH_BRAILLE_ECOJAWS = 0
[0DDC:1EB4][2026-05-11T01:28:47]i410: Variable: JAWSARM64_KIOSK_WITH_BRAILLE_ELBRAILLE = 0
[0DDC:1EB4][2026-05-11T01:28:47]i410: Variable: JAWSARM64_KIOSK_WITH_BRAILLE_EUROBRAILLE = 0
[0DDC:1EB4][2026-05-11T01:28:47]i410: Variable: JAWSARM64_KIOSK_WITH_BRAILLE_FRANKAUDIODATA = 0
[0DDC:1EB4][2026-05-11T01:28:47]i410: Variable: JAWSARM64_KIOSK_WITH_BRAILLE_FSBRL = 0
[0DDC:1EB4][2026-05-11T01:28:47]i410: Variable: JAWSARM64_KIOSK_WITH_BRAILLE_FSHIDBRAILLE = 0
[0DDC:1EB4][2026-05-11T01:28:47]i410: Variable: JAWSARM64_KIOSK_WITH_BRAILLE_FSI = 0
[0DDC:1EB4][2026-05-11T01:28:47]i410: Variable: JAWSARM64_KIOSK_WITH_BRAILLE_HANDY = 0
[0DDC:1EB4][2026-05-11T01:28:47]i410: Variable: JAWSARM64_KIOSK_WITH_BRAILLE_NLSEREADER = 0
[0DDC:1EB4][2026-05-11T01:28:47]i410: Variable: JAWSARM64_KIOSK_WITH_BRAILLE_ORBIT_READER_20 = 0
[0DDC:1EB4][2026-05-11T01:28:47]i410: Variable: JAWSARM64_KIOSK_WITH_BRAILLE_POWERBRAILLE = 0
[0DDC:1EB4][2026-05-11T01:28:47]i410: Variable: JAWSARM64_KIOSK_WITH_BRAILLE_RBT = 0
[0DDC:1EB4][2026-05-11T01:28:47]i410: Variable: JAWSARM64_KIOSK_WITH_BRAILLE_THIRDPARTYBRAILLE = 0
[0DDC:1EB4][2026-05-11T01:28:47]i410: Variable: JAWSARM64_KIOSK_WITH_DECTALKACCESS32 = 0
[0DDC:1EB4][2026-05-11T01:28:47]i410: Variable: JAWSARM64_KIOSK_WITH_DECTALKEXPRESS = 0
[0DDC:1EB4][2026-05-11T01:28:47]i410: Variable: JAWSARM64_KIOSK_WITH_DECTALKUSB = 0
[0DDC:1EB4][2026-05-11T01:28:47]i410: Variable: JAWSARM64_KIOSK_WITH_DONGLE = 0
[0DDC:1EB4][2026-05-11T01:28:47]i410: Variable: JAWSARM64_KIOSK_WITH_DOUBLETALKLT = 0
[0DDC:1EB4][2026-05-11T01:28:47]i410: Variable: JAWSARM64_KIOSK_WITH_FLEXTALK = 0
[0DDC:1EB4][2026-05-11T01:28:47]i410: Variable: JAWSARM64_KIOSK_WITH_ILM = 0
[0DDC:1EB4][2026-05-11T01:28:47]i410: Variable: JAWSARM64_KIOSK_WITH_JAVA = 0
[0DDC:1EB4][2026-05-11T01:28:47]i410: Variable: JAWSARM64_KIOSK_WITH_KEYNOTEGOLDSA = 0
[0DDC:1EB4][2026-05-11T01:28:47]i410: Variable: JAWSARM64_KIOSK_WITH_MS_MOBILE = 0
[0DDC:1EB4][2026-05-11T01:28:47]i410: Variable: JAWSARM64_KIOSK_WITH_NOSPEECH = 0
[0DDC:1EB4][2026-05-11T01:28:47]i410: Variable: JAWSARM64_KIOSK_WITH_OCR = 0
[0DDC:1EB4][2026-05-11T01:28:47]i410: Variable: JAWSARM64_KIOSK_WITH_REALSPEAK = 0
[0DDC:1EB4][2026-05-11T01:28:47]i410: Variable: JAWSARM64_KIOSK_WITH_REMOTE_ACCESS_SUPPORT = 0
[0DDC:1EB4][2026-05-11T01:28:47]i410: Variable: JAWSARM64_KIOSK_WITH_SAPI4 = 0
[0DDC:1EB4][2026-05-11T01:28:47]i410: Variable: JAWSARM64_KIOSK_WITH_SAPI5 = 0
[0DDC:1EB4][2026-05-11T01:28:47]i410: Variable: JAWSARM64_KIOSK_WITH_TRIPLETALKPCI = 0
[0DDC:1EB4][2026-05-11T01:28:47]i410: Variable: JAWSARM64_KIOSK_WITH_TRIPLETALKUSB = 0
[0DDC:1EB4][2026-05-11T01:28:47]i410: Variable: JAWSARM64_KIOSK_WITH_VOCALIZER = 0
[0DDC:1EB4][2026-05-11T01:28:47]i410: Variable: JAWSARM64_KIOSK_WITH_VOCALIZEREXPRESSIVE = 0
[0DDC:1EB4][2026-05-11T01:28:47]i410: Variable: JAWSARM64_OVERWRITEFILES = 0
[0DDC:1EB4][2026-05-11T01:28:47]i410: Variable: JAWSARM64_REMOTE_ONLY = 0
[0DDC:1EB4][2026-05-11T01:28:47]i410: Variable: JAWSARM64_REMOTEACCESSFILES = 1
[0DDC:1EB4][2026-05-11T01:28:47]i410: Variable: JAWSARM64_SEAMLESSCRIPTUPDATES = 
[0DDC:1EB4][2026-05-11T01:28:47]i410: Variable: JAWSARM64_SEAMLESSUPDATER = 1
[0DDC:1EB4][2026-05-11T01:28:47]i410: Variable: JAWSARM64_SETUP_LANGUAGES = 
[0DDC:1EB4][2026-05-11T01:28:47]i410: Variable: JAWSARM64_SHOULDSHOWLICENSEEXPIRINGDIALOG = 1
[0DDC:1EB4][2026-05-11T01:28:47]i410: Variable: JAWSARM64_SILENT_MIGRATION = 1
[0DDC:1EB4][2026-05-11T01:28:47]i410: Variable: JAWSARM64_SQLITE = 1
[0DDC:1EB4][2026-05-11T01:28:47]i410: Variable: JAWSARM64_TANDEM = 1
[0DDC:1EB4][2026-05-11T01:28:47]i410: Variable: JAWSARM64_USERACCOUNTS = 1
[0DDC:1EB4][2026-05-11T01:28:47]i410: Variable: JAWSARM64_WITH_FS_SYSTEM_EVENTS = 0
[0DDC:1EB4][2026-05-11T01:28:47]i410: Variable: JAWSARM64_XERCES = 1
[0DDC:1EB4][2026-05-11T01:28:47]i410: Variable: JAWSARM64PackageId = JAWSARM64
[0DDC:1EB4][2026-05-11T01:28:47]i410: Variable: JAWSLanguage64arb_KIOSK = 0
[0DDC:1EB4][2026-05-11T01:28:47]i410: Variable: JAWSLanguage64arb_KIOSK_WITH_BRAILLE = 0
[0DDC:1EB4][2026-05-11T01:28:47]i410: Variable: JAWSLanguage64arb_KIOSK_WITH_REMOTE_ACCESS_SUPPORT = 0
[0DDC:1EB4][2026-05-11T01:28:47]i410: Variable: JAWSLanguage64arb_OVERWRITEFILES = 0
[0DDC:1EB4][2026-05-11T01:28:47]i410: Variable: JAWSLanguage64arb_PRIMARY_LANGUAGE = 0
[0DDC:1EB4][2026-05-11T01:28:47]i410: Variable: JAWSLanguage64arb_TANDEM = 1
[0DDC:1EB4][2026-05-11T01:28:47]i410: Variable: JAWSLanguage64dan_KIOSK = 0
[0DDC:1EB4][2026-05-11T01:28:47]i410: Variable: JAWSLanguage64dan_KIOSK_WITH_BRAILLE = 0
[0DDC:1EB4][2026-05-11T01:28:47]i410: Variable: JAWSLanguage64dan_KIOSK_WITH_REMOTE_ACCESS_SUPPORT = 0
[0DDC:1EB4][2026-05-11T01:28:47]i410: Variable: JAWSLanguage64dan_OVERWRITEFILES = 0
[0DDC:1EB4][2026-05-11T01:28:47]i410: Variable: JAWSLanguage64dan_PRIMARY_LANGUAGE = 0
[0DDC:1EB4][2026-05-11T01:28:47]i410: Variable: JAWSLanguage64dan_TANDEM = 1
[0DDC:1EB4][2026-05-11T01:28:47]i410: Variable: JAWSLanguage64deu_KIOSK = 0
[0DDC:1EB4][2026-05-11T01:28:47]i410: Variable: JAWSLanguage64deu_KIOSK_WITH_BRAILLE = 0
[0DDC:1EB4][2026-05-11T01:28:47]i410: Variable: JAWSLanguage64deu_KIOSK_WITH_REMOTE_ACCESS_SUPPORT = 0
[0DDC:1EB4][2026-05-11T01:28:47]i410: Variable: JAWSLanguage64deu_OVERWRITEFILES = 0
[0DDC:1EB4][2026-05-11T01:28:47]i410: Variable: JAWSLanguage64deu_PRIMARY_LANGUAGE = 0
[0DDC:1EB4][2026-05-11T01:28:47]i410: Variable: JAWSLanguage64deu_TANDEM = 1
[0DDC:1EB4][2026-05-11T01:28:47]i410: Variable: JAWSLanguage64enu_KIOSK = 0
[0DDC:1EB4][2026-05-11T01:28:47]i410: Variable: JAWSLanguage64enu_KIOSK_WITH_BRAILLE = 0
[0DDC:1EB4][2026-05-11T01:28:47]i410: Variable: JAWSLanguage64enu_KIOSK_WITH_REMOTE_ACCESS_SUPPORT = 0
[0DDC:1EB4][2026-05-11T01:28:47]i410: Variable: JAWSLanguage64enu_OVERWRITEFILES = 0
[0DDC:1EB4][2026-05-11T01:28:47]i410: Variable: JAWSLanguage64enu_PRIMARY_LANGUAGE = 1
[0DDC:1EB4][2026-05-11T01:28:47]i410: Variable: JAWSLanguage64enu_TANDEM = 1
[0DDC:1EB4][2026-05-11T01:28:47]i410: Variable: JAWSLanguage64esn_KIOSK = 0
[0DDC:1EB4][2026-05-11T01:28:47]i410: Variable: JAWSLanguage64esn_KIOSK_WITH_BRAILLE = 0
[0DDC:1EB4][2026-05-11T01:28:47]i410: Variable: JAWSLanguage64esn_KIOSK_WITH_REMOTE_ACCESS_SUPPORT = 0
[0DDC:1EB4][2026-05-11T01:28:47]i410: Variable: JAWSLanguage64esn_OVERWRITEFILES = 0
[0DDC:1EB4][2026-05-11T01:28:47]i410: Variable: JAWSLanguage64esn_PRIMARY_LANGUAGE = 0
[0DDC:1EB4][2026-05-11T01:28:47]i410: Variable: JAWSLanguage64esn_TANDEM = 1
[0DDC:1EB4][2026-05-11T01:28:47]i410: Variable: JAWSLanguage64fin_KIOSK = 0
[0DDC:1EB4][2026-05-11T01:28:47]i410: Variable: JAWSLanguage64fin_KIOSK_WITH_BRAILLE = 0
[0DDC:1EB4][2026-05-11T01:28:47]i410: Variable: JAWSLanguage64fin_KIOSK_WITH_REMOTE_ACCESS_SUPPORT = 0
[0DDC:1EB4][2026-05-11T01:28:47]i410: Variable: JAWSLanguage64fin_OVERWRITEFILES = 0
[0DDC:1EB4][2026-05-11T01:28:47]i410: Variable: JAWSLanguage64fin_PRIMARY_LANGUAGE = 0
[0DDC:1EB4][2026-05-11T01:28:47]i410: Variable: JAWSLanguage64fin_TANDEM = 1
[0DDC:1EB4][2026-05-11T01:28:47]i410: Variable: JAWSLanguage64fra_KIOSK = 0
[0DDC:1EB4][2026-05-11T01:28:47]i410: Variable: JAWSLanguage64fra_KIOSK_WITH_BRAILLE = 0
[0DDC:1EB4][2026-05-11T01:28:47]i410: Variable: JAWSLanguage64fra_KIOSK_WITH_REMOTE_ACCESS_SUPPORT = 0
[0DDC:1EB4][2026-05-11T01:28:47]i410: Variable: JAWSLanguage64fra_OVERWRITEFILES = 0
[0DDC:1EB4][2026-05-11T01:28:47]i410: Variable: JAWSLanguage64fra_PRIMARY_LANGUAGE = 0
[0DDC:1EB4][2026-05-11T01:28:47]i410: Variable: JAWSLanguage64fra_TANDEM = 1
[0DDC:1EB4][2026-05-11T01:28:47]i410: Variable: JAWSLanguage64frc_KIOSK = 0
[0DDC:1EB4][2026-05-11T01:28:47]i410: Variable: JAWSLanguage64frc_KIOSK_WITH_BRAILLE = 0
[0DDC:1EB4][2026-05-11T01:28:47]i410: Variable: JAWSLanguage64frc_KIOSK_WITH_REMOTE_ACCESS_SUPPORT = 0
[0DDC:1EB4][2026-05-11T01:28:47]i410: Variable: JAWSLanguage64frc_OVERWRITEFILES = 0
[0DDC:1EB4][2026-05-11T01:28:47]i410: Variable: JAWSLanguage64frc_PRIMARY_LANGUAGE = 0
[0DDC:1EB4][2026-05-11T01:28:47]i410: Variable: JAWSLanguage64frc_TANDEM = 1
[0DDC:1EB4][2026-05-11T01:28:47]i410: Variable: JAWSLanguage64heb_KIOSK = 0
[0DDC:1EB4][2026-05-11T01:28:47]i410: Variable: JAWSLanguage64heb_KIOSK_WITH_BRAILLE = 0
[0DDC:1EB4][2026-05-11T01:28:47]i410: Variable: JAWSLanguage64heb_KIOSK_WITH_REMOTE_ACCESS_SUPPORT = 0
[0DDC:1EB4][2026-05-11T01:28:47]i410: Variable: JAWSLanguage64heb_OVERWRITEFILES = 0
[0DDC:1EB4][2026-05-11T01:28:47]i410: Variable: JAWSLanguage64heb_PRIMARY_LANGUAGE = 0
[0DDC:1EB4][2026-05-11T01:28:47]i410: Variable: JAWSLanguage64heb_TANDEM = 1
[0DDC:1EB4][2026-05-11T01:28:47]i410: Variable: JAWSLanguage64hun_KIOSK = 0
[0DDC:1EB4][2026-05-11T01:28:47]i410: Variable: JAWSLanguage64hun_KIOSK_WITH_BRAILLE = 0
[0DDC:1EB4][2026-05-11T01:28:47]i410: Variable: JAWSLanguage64hun_KIOSK_WITH_REMOTE_ACCESS_SUPPORT = 0
[0DDC:1EB4][2026-05-11T01:28:47]i410: Variable: JAWSLanguage64hun_OVERWRITEFILES = 0
[0DDC:1EB4][2026-05-11T01:28:47]i410: Variable: JAWSLanguage64hun_PRIMARY_LANGUAGE = 0
[0DDC:1EB4][2026-05-11T01:28:47]i410: Variable: JAWSLanguage64hun_TANDEM = 1
[0DDC:1EB4][2026-05-11T01:28:47]i410: Variable: JAWSLanguage64ita_KIOSK = 0
[0DDC:1EB4][2026-05-11T01:28:47]i410: Variable: JAWSLanguage64ita_KIOSK_WITH_BRAILLE = 0
[0DDC:1EB4][2026-05-11T01:28:47]i410: Variable: JAWSLanguage64ita_KIOSK_WITH_REMOTE_ACCESS_SUPPORT = 0
[0DDC:1EB4][2026-05-11T01:28:47]i410: Variable: JAWSLanguage64ita_OVERWRITEFILES = 0
[0DDC:1EB4][2026-05-11T01:28:47]i410: Variable: JAWSLanguage64ita_PRIMARY_LANGUAGE = 0
[0DDC:1EB4][2026-05-11T01:28:47]i410: Variable: JAWSLanguage64ita_TANDEM = 1
[0DDC:1EB4][2026-05-11T01:28:47]i410: Variable: JAWSLanguage64kkz_KIOSK = 0
[0DDC:1EB4][2026-05-11T01:28:47]i410: Variable: JAWSLanguage64kkz_KIOSK_WITH_BRAILLE = 0
[0DDC:1EB4][2026-05-11T01:28:47]i410: Variable: JAWSLanguage64kkz_KIOSK_WITH_REMOTE_ACCESS_SUPPORT = 0
[0DDC:1EB4][2026-05-11T01:28:47]i410: Variable: JAWSLanguage64kkz_OVERWRITEFILES = 0
[0DDC:1EB4][2026-05-11T01:28:47]i410: Variable: JAWSLanguage64kkz_PRIMARY_LANGUAGE = 0
[0DDC:1EB4][2026-05-11T01:28:47]i410: Variable: JAWSLanguage64kkz_TANDEM = 1
[0DDC:1EB4][2026-05-11T01:28:47]i410: Variable: JAWSLanguage64nlb_KIOSK = 0
[0DDC:1EB4][2026-05-11T01:28:47]i410: Variable: JAWSLanguage64nlb_KIOSK_WITH_BRAILLE = 0
[0DDC:1EB4][2026-05-11T01:28:47]i410: Variable: JAWSLanguage64nlb_KIOSK_WITH_REMOTE_ACCESS_SUPPORT = 0
[0DDC:1EB4][2026-05-11T01:28:47]i410: Variable: JAWSLanguage64nlb_OVERWRITEFILES = 0
[0DDC:1EB4][2026-05-11T01:28:47]i410: Variable: JAWSLanguage64nlb_PRIMARY_LANGUAGE = 0
[0DDC:1EB4][2026-05-11T01:28:47]i410: Variable: JAWSLanguage64nlb_TANDEM = 1
[0DDC:1EB4][2026-05-11T01:28:47]i410: Variable: JAWSLanguage64nld_KIOSK = 0
[0DDC:1EB4][2026-05-11T01:28:47]i410: Variable: JAWSLanguage64nld_KIOSK_WITH_BRAILLE = 0
[0DDC:1EB4][2026-05-11T01:28:47]i410: Variable: JAWSLanguage64nld_KIOSK_WITH_REMOTE_ACCESS_SUPPORT = 0
[0DDC:1EB4][2026-05-11T01:28:47]i410: Variable: JAWSLanguage64nld_OVERWRITEFILES = 0
[0DDC:1EB4][2026-05-11T01:28:47]i410: Variable: JAWSLanguage64nld_PRIMARY_LANGUAGE = 0
[0DDC:1EB4][2026-05-11T01:28:47]i410: Variable: JAWSLanguage64nld_TANDEM = 1
[0DDC:1EB4][2026-05-11T01:28:47]i410: Variable: JAWSLanguage64nor_KIOSK = 0
[0DDC:1EB4][2026-05-11T01:28:47]i410: Variable: JAWSLanguage64nor_KIOSK_WITH_BRAILLE = 0
[0DDC:1EB4][2026-05-11T01:28:47]i410: Variable: JAWSLanguage64nor_KIOSK_WITH_REMOTE_ACCESS_SUPPORT = 0
[0DDC:1EB4][2026-05-11T01:28:47]i410: Variable: JAWSLanguage64nor_OVERWRITEFILES = 0
[0DDC:1EB4][2026-05-11T01:28:47]i410: Variable: JAWSLanguage64nor_PRIMARY_LANGUAGE = 0
[0DDC:1EB4][2026-05-11T01:28:47]i410: Variable: JAWSLanguage64nor_TANDEM = 1
[0DDC:1EB4][2026-05-11T01:28:47]i410: Variable: JAWSLanguage64ptb_KIOSK = 0
[0DDC:1EB4][2026-05-11T01:28:47]i410: Variable: JAWSLanguage64ptb_KIOSK_WITH_BRAILLE = 0
[0DDC:1EB4][2026-05-11T01:28:47]i410: Variable: JAWSLanguage64ptb_KIOSK_WITH_REMOTE_ACCESS_SUPPORT = 0
[0DDC:1EB4][2026-05-11T01:28:47]i410: Variable: JAWSLanguage64ptb_OVERWRITEFILES = 0
[0DDC:1EB4][2026-05-11T01:28:47]i410: Variable: JAWSLanguage64ptb_PRIMARY_LANGUAGE = 0
[0DDC:1EB4][2026-05-11T01:28:47]i410: Variable: JAWSLanguage64ptb_TANDEM = 1
[0DDC:1EB4][2026-05-11T01:28:47]i410: Variable: JAWSLanguage64rus_KIOSK = 0
[0DDC:1EB4][2026-05-11T01:28:47]i410: Variable: JAWSLanguage64rus_KIOSK_WITH_BRAILLE = 0
[0DDC:1EB4][2026-05-11T01:28:47]i410: Variable: JAWSLanguage64rus_KIOSK_WITH_REMOTE_ACCESS_SUPPORT = 0
[0DDC:1EB4][2026-05-11T01:28:47]i410: Variable: JAWSLanguage64rus_OVERWRITEFILES = 0
[0DDC:1EB4][2026-05-11T01:28:47]i410: Variable: JAWSLanguage64rus_PRIMARY_LANGUAGE = 0
[0DDC:1EB4][2026-05-11T01:28:47]i410: Variable: JAWSLanguage64rus_TANDEM = 1
[0DDC:1EB4][2026-05-11T01:28:47]i410: Variable: JAWSLanguage64sky_KIOSK = 0
[0DDC:1EB4][2026-05-11T01:28:47]i410: Variable: JAWSLanguage64sky_KIOSK_WITH_BRAILLE = 0
[0DDC:1EB4][2026-05-11T01:28:47]i410: Variable: JAWSLanguage64sky_KIOSK_WITH_REMOTE_ACCESS_SUPPORT = 0
[0DDC:1EB4][2026-05-11T01:28:47]i410: Variable: JAWSLanguage64sky_OVERWRITEFILES = 0
[0DDC:1EB4][2026-05-11T01:28:47]i410: Variable: JAWSLanguage64sky_PRIMARY_LANGUAGE = 0
[0DDC:1EB4][2026-05-11T01:28:47]i410: Variable: JAWSLanguage64sky_TANDEM = 1
[0DDC:1EB4][2026-05-11T01:28:47]i410: Variable: JAWSLanguage64sve_KIOSK = 0
[0DDC:1EB4][2026-05-11T01:28:47]i410: Variable: JAWSLanguage64sve_KIOSK_WITH_BRAILLE = 0
[0DDC:1EB4][2026-05-11T01:28:47]i410: Variable: JAWSLanguage64sve_KIOSK_WITH_REMOTE_ACCESS_SUPPORT = 0
[0DDC:1EB4][2026-05-11T01:28:47]i410: Variable: JAWSLanguage64sve_OVERWRITEFILES = 0
[0DDC:1EB4][2026-05-11T01:28:47]i410: Variable: JAWSLanguage64sve_PRIMARY_LANGUAGE = 0
[0DDC:1EB4][2026-05-11T01:28:47]i410: Variable: JAWSLanguage64sve_TANDEM = 1
[0DDC:1EB4][2026-05-11T01:28:47]i410: Variable: JAWSLanguage64trk_KIOSK = 0
[0DDC:1EB4][2026-05-11T01:28:47]i410: Variable: JAWSLanguage64trk_KIOSK_WITH_BRAILLE = 0
[0DDC:1EB4][2026-05-11T01:28:47]i410: Variable: JAWSLanguage64trk_KIOSK_WITH_REMOTE_ACCESS_SUPPORT = 0
[0DDC:1EB4][2026-05-11T01:28:47]i410: Variable: JAWSLanguage64trk_OVERWRITEFILES = 0
[0DDC:1EB4][2026-05-11T01:28:47]i410: Variable: JAWSLanguage64trk_PRIMARY_LANGUAGE = 0
[0DDC:1EB4][2026-05-11T01:28:47]i410: Variable: JAWSLanguage64trk_TANDEM = 1
[0DDC:1EB4][2026-05-11T01:28:47]i410: Variable: JAWSLanguage64ukr_KIOSK = 0
[0DDC:1EB4][2026-05-11T01:28:47]i410: Variable: JAWSLanguage64ukr_KIOSK_WITH_BRAILLE = 0
[0DDC:1EB4][2026-05-11T01:28:47]i410: Variable: JAWSLanguage64ukr_KIOSK_WITH_REMOTE_ACCESS_SUPPORT = 0
[0DDC:1EB4][2026-05-11T01:28:47]i410: Variable: JAWSLanguage64ukr_OVERWRITEFILES = 0
[0DDC:1EB4][2026-05-11T01:28:47]i410: Variable: JAWSLanguage64ukr_PRIMARY_LANGUAGE = 0
[0DDC:1EB4][2026-05-11T01:28:47]i410: Variable: JAWSLanguage64ukr_TANDEM = 1
[0DDC:1EB4][2026-05-11T01:28:47]i410: Variable: JAWSLanguageARM64arb_KIOSK = 0
[0DDC:1EB4][2026-05-11T01:28:47]i410: Variable: JAWSLanguageARM64arb_KIOSK_WITH_BRAILLE = 0
[0DDC:1EB4][2026-05-11T01:28:47]i410: Variable: JAWSLanguageARM64arb_KIOSK_WITH_REMOTE_ACCESS_SUPPORT = 0
[0DDC:1EB4][2026-05-11T01:28:47]i410: Variable: JAWSLanguageARM64arb_OVERWRITEFILES = 0
[0DDC:1EB4][2026-05-11T01:28:47]i410: Variable: JAWSLanguageARM64arb_PRIMARY_LANGUAGE = 0
[0DDC:1EB4][2026-05-11T01:28:47]i410: Variable: JAWSLanguageARM64arb_TANDEM = 1
[0DDC:1EB4][2026-05-11T01:28:47]i410: Variable: JAWSLanguageARM64dan_KIOSK = 0
[0DDC:1EB4][2026-05-11T01:28:47]i410: Variable: JAWSLanguageARM64dan_KIOSK_WITH_BRAILLE = 0
[0DDC:1EB4][2026-05-11T01:28:47]i410: Variable: JAWSLanguageARM64dan_KIOSK_WITH_REMOTE_ACCESS_SUPPORT = 0
[0DDC:1EB4][2026-05-11T01:28:47]i410: Variable: JAWSLanguageARM64dan_OVERWRITEFILES = 0
[0DDC:1EB4][2026-05-11T01:28:47]i410: Variable: JAWSLanguageARM64dan_PRIMARY_LANGUAGE = 0
[0DDC:1EB4][2026-05-11T01:28:47]i410: Variable: JAWSLanguageARM64dan_TANDEM = 1
[0DDC:1EB4][2026-05-11T01:28:47]i410: Variable: JAWSLanguageARM64deu_KIOSK = 0
[0DDC:1EB4][2026-05-11T01:28:47]i410: Variable: JAWSLanguageARM64deu_KIOSK_WITH_BRAILLE = 0
[0DDC:1EB4][2026-05-11T01:28:47]i410: Variable: JAWSLanguageARM64deu_KIOSK_WITH_REMOTE_ACCESS_SUPPORT = 0
[0DDC:1EB4][2026-05-11T01:28:47]i410: Variable: JAWSLanguageARM64deu_OVERWRITEFILES = 0
[0DDC:1EB4][2026-05-11T01:28:47]i410: Variable: JAWSLanguageARM64deu_PRIMARY_LANGUAGE = 0
[0DDC:1EB4][2026-05-11T01:28:47]i410: Variable: JAWSLanguageARM64deu_TANDEM = 1
[0DDC:1EB4][2026-05-11T01:28:47]i410: Variable: JAWSLanguageARM64enu_KIOSK = 0
[0DDC:1EB4][2026-05-11T01:28:47]i410: Variable: JAWSLanguageARM64enu_KIOSK_WITH_BRAILLE = 0
[0DDC:1EB4][2026-05-11T01:28:47]i410: Variable: JAWSLanguageARM64enu_KIOSK_WITH_REMOTE_ACCESS_SUPPORT = 0
[0DDC:1EB4][2026-05-11T01:28:47]i410: Variable: JAWSLanguageARM64enu_OVERWRITEFILES = 0
[0DDC:1EB4][2026-05-11T01:28:47]i410: Variable: JAWSLanguageARM64enu_PRIMARY_LANGUAGE = 1
[0DDC:1EB4][2026-05-11T01:28:47]i410: Variable: JAWSLanguageARM64enu_TANDEM = 1
[0DDC:1EB4][2026-05-11T01:28:47]i410: Variable: JAWSLanguageARM64esn_KIOSK = 0
[0DDC:1EB4][2026-05-11T01:28:47]i410: Variable: JAWSLanguageARM64esn_KIOSK_WITH_BRAILLE = 0
[0DDC:1EB4][2026-05-11T01:28:47]i410: Variable: JAWSLanguageARM64esn_KIOSK_WITH_REMOTE_ACCESS_SUPPORT = 0
[0DDC:1EB4][2026-05-11T01:28:47]i410: Variable: JAWSLanguageARM64esn_OVERWRITEFILES = 0
[0DDC:1EB4][2026-05-11T01:28:47]i410: Variable: JAWSLanguageARM64esn_PRIMARY_LANGUAGE = 0
[0DDC:1EB4][2026-05-11T01:28:47]i410: Variable: JAWSLanguageARM64esn_TANDEM = 1
[0DDC:1EB4][2026-05-11T01:28:47]i410: Variable: JAWSLanguageARM64fin_KIOSK = 0
[0DDC:1EB4][2026-05-11T01:28:47]i410: Variable: JAWSLanguageARM64fin_KIOSK_WITH_BRAILLE = 0
[0DDC:1EB4][2026-05-11T01:28:47]i410: Variable: JAWSLanguageARM64fin_KIOSK_WITH_REMOTE_ACCESS_SUPPORT = 0
[0DDC:1EB4][2026-05-11T01:28:47]i410: Variable: JAWSLanguageARM64fin_OVERWRITEFILES = 0
[0DDC:1EB4][2026-05-11T01:28:47]i410: Variable: JAWSLanguageARM64fin_PRIMARY_LANGUAGE = 0
[0DDC:1EB4][2026-05-11T01:28:47]i410: Variable: JAWSLanguageARM64fin_TANDEM = 1
[0DDC:1EB4][2026-05-11T01:28:47]i410: Variable: JAWSLanguageARM64fra_KIOSK = 0
[0DDC:1EB4][2026-05-11T01:28:47]i410: Variable: JAWSLanguageARM64fra_KIOSK_WITH_BRAILLE = 0
[0DDC:1EB4][2026-05-11T01:28:47]i410: Variable: JAWSLanguageARM64fra_KIOSK_WITH_REMOTE_ACCESS_SUPPORT = 0
[0DDC:1EB4][2026-05-11T01:28:47]i410: Variable: JAWSLanguageARM64fra_OVERWRITEFILES = 0
[0DDC:1EB4][2026-05-11T01:28:47]i410: Variable: JAWSLanguageARM64fra_PRIMARY_LANGUAGE = 0
[0DDC:1EB4][2026-05-11T01:28:47]i410: Variable: JAWSLanguageARM64fra_TANDEM = 1
[0DDC:1EB4][2026-05-11T01:28:47]i410: Variable: JAWSLanguageARM64frc_KIOSK = 0
[0DDC:1EB4][2026-05-11T01:28:47]i410: Variable: JAWSLanguageARM64frc_KIOSK_WITH_BRAILLE = 0
[0DDC:1EB4][2026-05-11T01:28:47]i410: Variable: JAWSLanguageARM64frc_KIOSK_WITH_REMOTE_ACCESS_SUPPORT = 0
[0DDC:1EB4][2026-05-11T01:28:47]i410: Variable: JAWSLanguageARM64frc_OVERWRITEFILES = 0
[0DDC:1EB4][2026-05-11T01:28:47]i410: Variable: JAWSLanguageARM64frc_PRIMARY_LANGUAGE = 0
[0DDC:1EB4][2026-05-11T01:28:47]i410: Variable: JAWSLanguageARM64frc_TANDEM = 1
[0DDC:1EB4][2026-05-11T01:28:47]i410: Variable: JAWSLanguageARM64heb_KIOSK = 0
[0DDC:1EB4][2026-05-11T01:28:47]i410: Variable: JAWSLanguageARM64heb_KIOSK_WITH_BRAILLE = 0
[0DDC:1EB4][2026-05-11T01:28:47]i410: Variable: JAWSLanguageARM64heb_KIOSK_WITH_REMOTE_ACCESS_SUPPORT = 0
[0DDC:1EB4][2026-05-11T01:28:47]i410: Variable: JAWSLanguageARM64heb_OVERWRITEFILES = 0
[0DDC:1EB4][2026-05-11T01:28:47]i410: Variable: JAWSLanguageARM64heb_PRIMARY_LANGUAGE = 0
[0DDC:1EB4][2026-05-11T01:28:47]i410: Variable: JAWSLanguageARM64heb_TANDEM = 1
[0DDC:1EB4][2026-05-11T01:28:47]i410: Variable: JAWSLanguageARM64hun_KIOSK = 0
[0DDC:1EB4][2026-05-11T01:28:47]i410: Variable: JAWSLanguageARM64hun_KIOSK_WITH_BRAILLE = 0
[0DDC:1EB4][2026-05-11T01:28:47]i410: Variable: JAWSLanguageARM64hun_KIOSK_WITH_REMOTE_ACCESS_SUPPORT = 0
[0DDC:1EB4][2026-05-11T01:28:47]i410: Variable: JAWSLanguageARM64hun_OVERWRITEFILES = 0
[0DDC:1EB4][2026-05-11T01:28:47]i410: Variable: JAWSLanguageARM64hun_PRIMARY_LANGUAGE = 0
[0DDC:1EB4][2026-05-11T01:28:47]i410: Variable: JAWSLanguageARM64hun_TANDEM = 1
[0DDC:1EB4][2026-05-11T01:28:47]i410: Variable: JAWSLanguageARM64ita_KIOSK = 0
[0DDC:1EB4][2026-05-11T01:28:47]i410: Variable: JAWSLanguageARM64ita_KIOSK_WITH_BRAILLE = 0
[0DDC:1EB4][2026-05-11T01:28:47]i410: Variable: JAWSLanguageARM64ita_KIOSK_WITH_REMOTE_ACCESS_SUPPORT = 0
[0DDC:1EB4][2026-05-11T01:28:47]i410: Variable: JAWSLanguageARM64ita_OVERWRITEFILES = 0
[0DDC:1EB4][2026-05-11T01:28:47]i410: Variable: JAWSLanguageARM64ita_PRIMARY_LANGUAGE = 0
[0DDC:1EB4][2026-05-11T01:28:47]i410: Variable: JAWSLanguageARM64ita_TANDEM = 1
[0DDC:1EB4][2026-05-11T01:28:47]i410: Variable: JAWSLanguageARM64kkz_KIOSK = 0
[0DDC:1EB4][2026-05-11T01:28:47]i410: Variable: JAWSLanguageARM64kkz_KIOSK_WITH_BRAILLE = 0
[0DDC:1EB4][2026-05-11T01:28:47]i410: Variable: JAWSLanguageARM64kkz_KIOSK_WITH_REMOTE_ACCESS_SUPPORT = 0
[0DDC:1EB4][2026-05-11T01:28:47]i410: Variable: JAWSLanguageARM64kkz_OVERWRITEFILES = 0
[0DDC:1EB4][2026-05-11T01:28:47]i410: Variable: JAWSLanguageARM64kkz_PRIMARY_LANGUAGE = 0
[0DDC:1EB4][2026-05-11T01:28:47]i410: Variable: JAWSLanguageARM64kkz_TANDEM = 1
[0DDC:1EB4][2026-05-11T01:28:47]i410: Variable: JAWSLanguageARM64nlb_KIOSK = 0
[0DDC:1EB4][2026-05-11T01:28:47]i410: Variable: JAWSLanguageARM64nlb_KIOSK_WITH_BRAILLE = 0
[0DDC:1EB4][2026-05-11T01:28:47]i410: Variable: JAWSLanguageARM64nlb_KIOSK_WITH_REMOTE_ACCESS_SUPPORT = 0
[0DDC:1EB4][2026-05-11T01:28:47]i410: Variable: JAWSLanguageARM64nlb_OVERWRITEFILES = 0
[0DDC:1EB4][2026-05-11T01:28:47]i410: Variable: JAWSLanguageARM64nlb_PRIMARY_LANGUAGE = 0
[0DDC:1EB4][2026-05-11T01:28:47]i410: Variable: JAWSLanguageARM64nlb_TANDEM = 1
[0DDC:1EB4][2026-05-11T01:28:47]i410: Variable: JAWSLanguageARM64nld_KIOSK = 0
[0DDC:1EB4][2026-05-11T01:28:47]i410: Variable: JAWSLanguageARM64nld_KIOSK_WITH_BRAILLE = 0
[0DDC:1EB4][2026-05-11T01:28:47]i410: Variable: JAWSLanguageARM64nld_KIOSK_WITH_REMOTE_ACCESS_SUPPORT = 0
[0DDC:1EB4][2026-05-11T01:28:47]i410: Variable: JAWSLanguageARM64nld_OVERWRITEFILES = 0
[0DDC:1EB4][2026-05-11T01:28:47]i410: Variable: JAWSLanguageARM64nld_PRIMARY_LANGUAGE = 0
[0DDC:1EB4][2026-05-11T01:28:47]i410: Variable: JAWSLanguageARM64nld_TANDEM = 1
[0DDC:1EB4][2026-05-11T01:28:47]i410: Variable: JAWSLanguageARM64nor_KIOSK = 0
[0DDC:1EB4][2026-05-11T01:28:47]i410: Variable: JAWSLanguageARM64nor_KIOSK_WITH_BRAILLE = 0
[0DDC:1EB4][2026-05-11T01:28:47]i410: Variable: JAWSLanguageARM64nor_KIOSK_WITH_REMOTE_ACCESS_SUPPORT = 0
[0DDC:1EB4][2026-05-11T01:28:47]i410: Variable: JAWSLanguageARM64nor_OVERWRITEFILES = 0
[0DDC:1EB4][2026-05-11T01:28:47]i410: Variable: JAWSLanguageARM64nor_PRIMARY_LANGUAGE = 0
[0DDC:1EB4][2026-05-11T01:28:47]i410: Variable: JAWSLanguageARM64nor_TANDEM = 1
[0DDC:1EB4][2026-05-11T01:28:47]i410: Variable: JAWSLanguageARM64ptb_KIOSK = 0
[0DDC:1EB4][2026-05-11T01:28:47]i410: Variable: JAWSLanguageARM64ptb_KIOSK_WITH_BRAILLE = 0
[0DDC:1EB4][2026-05-11T01:28:47]i410: Variable: JAWSLanguageARM64ptb_KIOSK_WITH_REMOTE_ACCESS_SUPPORT = 0
[0DDC:1EB4][2026-05-11T01:28:47]i410: Variable: JAWSLanguageARM64ptb_OVERWRITEFILES = 0
[0DDC:1EB4][2026-05-11T01:28:47]i410: Variable: JAWSLanguageARM64ptb_PRIMARY_LANGUAGE = 0
[0DDC:1EB4][2026-05-11T01:28:47]i410: Variable: JAWSLanguageARM64ptb_TANDEM = 1
[0DDC:1EB4][2026-05-11T01:28:47]i410: Variable: JAWSLanguageARM64rus_KIOSK = 0
[0DDC:1EB4][2026-05-11T01:28:47]i410: Variable: JAWSLanguageARM64rus_KIOSK_WITH_BRAILLE = 0
[0DDC:1EB4][2026-05-11T01:28:47]i410: Variable: JAWSLanguageARM64rus_KIOSK_WITH_REMOTE_ACCESS_SUPPORT = 0
[0DDC:1EB4][2026-05-11T01:28:47]i410: Variable: JAWSLanguageARM64rus_OVERWRITEFILES = 0
[0DDC:1EB4][2026-05-11T01:28:47]i410: Variable: JAWSLanguageARM64rus_PRIMARY_LANGUAGE = 0
[0DDC:1EB4][2026-05-11T01:28:47]i410: Variable: JAWSLanguageARM64rus_TANDEM = 1
[0DDC:1EB4][2026-05-11T01:28:47]i410: Variable: JAWSLanguageARM64sky_KIOSK = 0
[0DDC:1EB4][2026-05-11T01:28:47]i410: Variable: JAWSLanguageARM64sky_KIOSK_WITH_BRAILLE = 0
[0DDC:1EB4][2026-05-11T01:28:47]i410: Variable: JAWSLanguageARM64sky_KIOSK_WITH_REMOTE_ACCESS_SUPPORT = 0
[0DDC:1EB4][2026-05-11T01:28:47]i410: Variable: JAWSLanguageARM64sky_OVERWRITEFILES = 0
[0DDC:1EB4][2026-05-11T01:28:47]i410: Variable: JAWSLanguageARM64sky_PRIMARY_LANGUAGE = 0
[0DDC:1EB4][2026-05-11T01:28:47]i410: Variable: JAWSLanguageARM64sky_TANDEM = 1
[0DDC:1EB4][2026-05-11T01:28:47]i410: Variable: JAWSLanguageARM64sve_KIOSK = 0
[0DDC:1EB4][2026-05-11T01:28:47]i410: Variable: JAWSLanguageARM64sve_KIOSK_WITH_BRAILLE = 0
[0DDC:1EB4][2026-05-11T01:28:47]i410: Variable: JAWSLanguageARM64sve_KIOSK_WITH_REMOTE_ACCESS_SUPPORT = 0
[0DDC:1EB4][2026-05-11T01:28:47]i410: Variable: JAWSLanguageARM64sve_OVERWRITEFILES = 0
[0DDC:1EB4][2026-05-11T01:28:47]i410: Variable: JAWSLanguageARM64sve_PRIMARY_LANGUAGE = 0
[0DDC:1EB4][2026-05-11T01:28:47]i410: Variable: JAWSLanguageARM64sve_TANDEM = 1
[0DDC:1EB4][2026-05-11T01:28:47]i410: Variable: JAWSLanguageARM64trk_KIOSK = 0
[0DDC:1EB4][2026-05-11T01:28:47]i410: Variable: JAWSLanguageARM64trk_KIOSK_WITH_BRAILLE = 0
[0DDC:1EB4][2026-05-11T01:28:47]i410: Variable: JAWSLanguageARM64trk_KIOSK_WITH_REMOTE_ACCESS_SUPPORT = 0
[0DDC:1EB4][2026-05-11T01:28:47]i410: Variable: JAWSLanguageARM64trk_OVERWRITEFILES = 0
[0DDC:1EB4][2026-05-11T01:28:47]i410: Variable: JAWSLanguageARM64trk_PRIMARY_LANGUAGE = 0
[0DDC:1EB4][2026-05-11T01:28:47]i410: Variable: JAWSLanguageARM64trk_TANDEM = 1
[0DDC:1EB4][2026-05-11T01:28:47]i410: Variable: JAWSLanguageARM64ukr_KIOSK = 0
[0DDC:1EB4][2026-05-11T01:28:47]i410: Variable: JAWSLanguageARM64ukr_KIOSK_WITH_BRAILLE = 0
[0DDC:1EB4][2026-05-11T01:28:47]i410: Variable: JAWSLanguageARM64ukr_KIOSK_WITH_REMOTE_ACCESS_SUPPORT = 0
[0DDC:1EB4][2026-05-11T01:28:47]i410: Variable: JAWSLanguageARM64ukr_OVERWRITEFILES = 0
[0DDC:1EB4][2026-05-11T01:28:47]i410: Variable: JAWSLanguageARM64ukr_PRIMARY_LANGUAGE = 0
[0DDC:1EB4][2026-05-11T01:28:47]i410: Variable: JAWSLanguageARM64ukr_TANDEM = 1
[0DDC:1EB4][2026-05-11T01:28:47]i410: Variable: JAWSVersion = 2026
[0DDC:1EB4][2026-05-11T01:28:47]i410: Variable: MinimumBuildVer = 15063
[0DDC:1EB4][2026-05-11T01:28:47]i410: Variable: OriginalSourceFolderNoTrailingBackslash = D:\a\_temp\jaws-evidence
[0DDC:1EB4][2026-05-11T01:28:47]i410: Variable: PostInstall_Version = 2026.2603.86.400
[0DDC:1EB4][2026-05-11T01:28:47]i410: Variable: PostInstallProductLanguages = enu
[0DDC:1EB4][2026-05-11T01:28:47]i410: Variable: ProgramFiles6432Folder = C:\Program Files\
[0DDC:1EB4][2026-05-11T01:28:47]i410: Variable: ProgramFilesFolder = C:\Program Files (x86)\
[0DDC:1EB4][2026-05-11T01:28:47]i410: Variable: RebootPending = 0
[0DDC:1EB4][2026-05-11T01:28:47]i410: Variable: RemoveUserSettings = 0
[0DDC:1EB4][2026-05-11T01:28:47]i410: Variable: SearchedWindowsBuildVer = 26100
[0DDC:1EB4][2026-05-11T01:28:47]i410: Variable: SupportedSetupLanguages = arb,dan,deu,enu,esn,fin,fra,frc,heb,hun,ita,kkz,nlb,nld,nor,ptb,rus,sky,sve,trk,ukr
[0DDC:1EB4][2026-05-11T01:28:47]i410: Variable: TableOfContents64_Exclusive_SetupLanguages = enu
[0DDC:1EB4][2026-05-11T01:28:47]i410: Variable: UninstallRDPComponentState = 2
[0DDC:1EB4][2026-05-11T01:28:47]i410: Variable: UninstallRDPProductVersion = 0.0.0.0
[0DDC:1EB4][2026-05-11T01:28:47]i410: Variable: UninstallRDPPropertyVariable = 0
[0DDC:1EB4][2026-05-11T01:28:47]i410: Variable: UninstallSentinelSystemDriver750_InstalledVersion = 0.0.0.0
[0DDC:1EB4][2026-05-11T01:28:47]i410: Variable: UninstallSentinelSystemDriver761_InstalledVersion = 0.0.0.0
[0DDC:1EB4][2026-05-11T01:28:47]i410: Variable: Utilities_FileExists = 0
[0DDC:1EB4][2026-05-11T01:28:47]i410: Variable: vcredist2022_ARM64_PrefixResult = 0
[0DDC:1EB4][2026-05-11T01:28:47]i410: Variable: vcredist2022_ARM64_Version = 14.50.35719.0
[0DDC:1EB4][2026-05-11T01:28:47]i410: Variable: vcredist2022_x64_InstalledVersion = 14.50.35719.00
[0DDC:1EB4][2026-05-11T01:28:47]i410: Variable: vcredist2022_x64_PrefixResult = 1
[0DDC:1EB4][2026-05-11T01:28:47]i410: Variable: vcredist2022_x64_Version = 14.50.35719.0
[0DDC:1EB4][2026-05-11T01:28:47]i410: Variable: vcredist2022_x86_InstalledVersion = 14.50.35719.00
[0DDC:1EB4][2026-05-11T01:28:47]i410: Variable: vcredist2022_x86_PrefixResult = 1
[0DDC:1EB4][2026-05-11T01:28:47]i410: Variable: vcredist2022_x86_Version = 14.50.35719.0
[0DDC:1EB4][2026-05-11T01:28:47]i410: Variable: VersionNT = 10.0.0.0
[0DDC:1EB4][2026-05-11T01:28:47]i410: Variable: VersionNT64 = 10.0.0.0
[0DDC:1EB4][2026-05-11T01:28:47]i410: Variable: VideoAccessibilityInstalledState64 = 2
[0DDC:1EB4][2026-05-11T01:28:47]i410: Variable: WebView2InstalledVersion = 147.0.3912.86
[0DDC:1EB4][2026-05-11T01:28:47]i410: Variable: WebView2Version = 145.0.3800.82
[0DDC:1EB4][2026-05-11T01:28:47]i410: Variable: WixBundleAction = 6
[0DDC:1EB4][2026-05-11T01:28:47]i410: Variable: WixBundleCommandLineAction = 6
[0DDC:1EB4][2026-05-11T01:28:47]i410: Variable: WixBundleElevated = 1
[0DDC:1EB4][2026-05-11T01:28:47]i410: Variable: WixBundleInProgressName = 
[0DDC:1EB4][2026-05-11T01:28:47]i410: Variable: WixBundleInstalled = 0
[0DDC:1EB4][2026-05-11T01:28:47]i410: Variable: WixBundleLog = D:\a\_temp\jaws-evidence\jaws-install.log
[0DDC:1EB4][2026-05-11T01:28:47]i410: Variable: WixBundleLog_AccEventCache64 = D:\a\_temp\jaws-evidence\jaws-install_008_AccEventCache64.log
[0DDC:1EB4][2026-05-11T01:28:47]i410: Variable: WixBundleLog_Authorization64 = D:\a\_temp\jaws-evidence\jaws-install_019_Authorization64.log
[0DDC:1EB4][2026-05-11T01:28:47]i410: Variable: WixBundleLog_Eloquence = D:\a\_temp\jaws-evidence\jaws-install_000_Eloquence.log
[0DDC:1EB4][2026-05-11T01:28:47]i410: Variable: WixBundleLog_ErrorReporting64 = D:\a\_temp\jaws-evidence\jaws-install_016_ErrorReporting64.log
[0DDC:1EB4][2026-05-11T01:28:47]i410: Variable: WixBundleLog_FSCam64 = D:\a\_temp\jaws-evidence\jaws-install_021_FSCam64.log
[0DDC:1EB4][2026-05-11T01:28:47]i410: Variable: WixBundleLog_FsElevation64 = D:\a\_temp\jaws-evidence\jaws-install_004_FsElevation64.log
[0DDC:1EB4][2026-05-11T01:28:47]i410: Variable: WixBundleLog_FSOcr64 = D:\a\_temp\jaws-evidence\jaws-install_014_FSOcr64.log
[0DDC:1EB4][2026-05-11T01:28:47]i410: Variable: WixBundleLog_FSOmniPage = D:\a\_temp\jaws-evidence\jaws-install_013_FSOmniPage.log
[0DDC:1EB4][2026-05-11T01:28:47]i410: Variable: WixBundleLog_FSReader64 = D:\a\_temp\jaws-evidence\jaws-install_011_FSReader64.log
[0DDC:1EB4][2026-05-11T01:28:47]i410: Variable: WixBundleLog_FSSupportTool64 = D:\a\_temp\jaws-evidence\jaws-install_015_FSSupportTool64.log
[0DDC:1EB4][2026-05-11T01:28:47]i410: Variable: WixBundleLog_fsSynth = D:\a\_temp\jaws-evidence\jaws-install_005_fsSynth.log
[0DDC:1EB4][2026-05-11T01:28:47]i410: Variable: WixBundleLog_FusionInterface64 = D:\a\_temp\jaws-evidence\jaws-install_018_FusionInterface64.log
[0DDC:1EB4][2026-05-11T01:28:47]i410: Variable: WixBundleLog_GateManager64 = D:\a\_temp\jaws-evidence\jaws-install_010_GateManager64.log
[0DDC:1EB4][2026-05-11T01:28:47]i410: Variable: WixBundleLog_GlobalHooksDispatcher64 = D:\a\_temp\jaws-evidence\jaws-install_009_GlobalHooksDispatcher64.log
[0DDC:1EB4][2026-05-11T01:28:47]i410: Variable: WixBundleLog_HookManager64 = D:\a\_temp\jaws-evidence\jaws-install_007_HookManager64.log
[0DDC:1EB4][2026-05-11T01:28:47]i410: Variable: WixBundleLog_JAWS64 = D:\a\_temp\jaws-evidence\jaws-install_025_JAWS64.log
[0DDC:1EB4][2026-05-11T01:28:47]i410: Variable: WixBundleLog_JAWSLanguage64enu = D:\a\_temp\jaws-evidence\jaws-install_026_JAWSLanguage64enu.log
[0DDC:1EB4][2026-05-11T01:28:47]i410: Variable: WixBundleLog_JAWSStart64enu = D:\a\_temp\jaws-evidence\jaws-install_028_JAWSStart64enu.log
[0DDC:1EB4][2026-05-11T01:28:47]i410: Variable: WixBundleLog_PostInstall = D:\a\_temp\jaws-evidence\jaws-install_029_PostInstall.log
[0DDC:1EB4][2026-05-11T01:28:47]i410: Variable: WixBundleLog_RDP64 = D:\a\_temp\jaws-evidence\jaws-install_022_RDP64.log
[0DDC:1EB4][2026-05-11T01:28:47]i410: Variable: WixBundleLog_SentinelProtectionInstaller = D:\a\_temp\jaws-evidence\jaws-install_003_SentinelProtectionInstaller.log
[0DDC:1EB4][2026-05-11T01:28:47]i410: Variable: WixBundleLog_TableOfContents64 = D:\a\_temp\jaws-evidence\jaws-install_012_TableOfContents64.log
[0DDC:1EB4][2026-05-11T01:28:47]i410: Variable: WixBundleLog_Telemetry64 = D:\a\_temp\jaws-evidence\jaws-install_023_Telemetry64.log
[0DDC:1EB4][2026-05-11T01:28:47]i410: Variable: WixBundleLog_TouchServer64 = D:\a\_temp\jaws-evidence\jaws-install_017_TouchServer64.log
[0DDC:1EB4][2026-05-11T01:28:47]i410: Variable: WixBundleLog_UIAHooks64 = D:\a\_temp\jaws-evidence\jaws-install_006_UIAHooks64.log
[0DDC:1EB4][2026-05-11T01:28:47]i410: Variable: WixBundleLog_UnifiedKeyboard = D:\a\_temp\jaws-evidence\jaws-install_020_UnifiedKeyboard.log
[0DDC:1EB4][2026-05-11T01:28:47]i410: Variable: WixBundleLog_Utilities64 = D:\a\_temp\jaws-evidence\jaws-install_002_Utilities64.log
[0DDC:1EB4][2026-05-11T01:28:47]i410: Variable: WixBundleLog_VidAccDriverUninstaller64 = D:\a\_temp\jaws-evidence\jaws-install_001_VidAccDriverUninstaller64.log
[0DDC:1EB4][2026-05-11T01:28:47]i410: Variable: WixBundleLog_VoiceAssistant64 = D:\a\_temp\jaws-evidence\jaws-install_024_VoiceAssistant64.log
[0DDC:1EB4][2026-05-11T01:28:47]i410: Variable: WixBundleLog_Xerces64 = D:\a\_temp\jaws-evidence\jaws-install_027_Xerces64.log
[0DDC:1EB4][2026-05-11T01:28:47]i410: Variable: WixBundleManufacturer = Vispero
[0DDC:1EB4][2026-05-11T01:28:47]i410: Variable: WixBundleName = Vispero JAWS 2026
[0DDC:1EB4][2026-05-11T01:28:47]i410: Variable: WixBundleOriginalSource = D:\a\_temp\jaws-evidence\J2026.2603.86.400-any.exe
[0DDC:1EB4][2026-05-11T01:28:47]i410: Variable: WixBundleOriginalSourceFolder = D:\a\_temp\jaws-evidence\
[0DDC:1EB4][2026-05-11T01:28:47]i410: Variable: WixBundleProviderKey = {10ADFB94-B04E-4FE7-B76C-EE59153B82D1}
[0DDC:1EB4][2026-05-11T01:28:47]i410: Variable: WixBundleRollbackLog_AccEventCache64 = D:\a\_temp\jaws-evidence\jaws-install_008_AccEventCache64_rollback.log
[0DDC:1EB4][2026-05-11T01:28:47]i410: Variable: WixBundleRollbackLog_Authorization64 = D:\a\_temp\jaws-evidence\jaws-install_019_Authorization64_rollback.log
[0DDC:1EB4][2026-05-11T01:28:47]i410: Variable: WixBundleRollbackLog_Eloquence = D:\a\_temp\jaws-evidence\jaws-install_000_Eloquence_rollback.log
[0DDC:1EB4][2026-05-11T01:28:47]i410: Variable: WixBundleRollbackLog_ErrorReporting64 = D:\a\_temp\jaws-evidence\jaws-install_016_ErrorReporting64_rollback.log
[0DDC:1EB4][2026-05-11T01:28:47]i410: Variable: WixBundleRollbackLog_FSCam64 = D:\a\_temp\jaws-evidence\jaws-install_021_FSCam64_rollback.log
[0DDC:1EB4][2026-05-11T01:28:47]i410: Variable: WixBundleRollbackLog_FsElevation64 = D:\a\_temp\jaws-evidence\jaws-install_004_FsElevation64_rollback.log
[0DDC:1EB4][2026-05-11T01:28:47]i410: Variable: WixBundleRollbackLog_FSOcr64 = D:\a\_temp\jaws-evidence\jaws-install_014_FSOcr64_rollback.log
[0DDC:1EB4][2026-05-11T01:28:47]i410: Variable: WixBundleRollbackLog_FSOmniPage = D:\a\_temp\jaws-evidence\jaws-install_013_FSOmniPage_rollback.log
[0DDC:1EB4][2026-05-11T01:28:47]i410: Variable: WixBundleRollbackLog_FSSupportTool64 = D:\a\_temp\jaws-evidence\jaws-install_015_FSSupportTool64_rollback.log
[0DDC:1EB4][2026-05-11T01:28:47]i410: Variable: WixBundleRollbackLog_fsSynth = D:\a\_temp\jaws-evidence\jaws-install_005_fsSynth_rollback.log
[0DDC:1EB4][2026-05-11T01:28:47]i410: Variable: WixBundleRollbackLog_FusionInterface64 = D:\a\_temp\jaws-evidence\jaws-install_018_FusionInterface64_rollback.log
[0DDC:1EB4][2026-05-11T01:28:47]i410: Variable: WixBundleRollbackLog_GateManager64 = D:\a\_temp\jaws-evidence\jaws-install_010_GateManager64_rollback.log
[0DDC:1EB4][2026-05-11T01:28:47]i410: Variable: WixBundleRollbackLog_GlobalHooksDispatcher64 = D:\a\_temp\jaws-evidence\jaws-install_009_GlobalHooksDispatcher64_rollback.log
[0DDC:1EB4][2026-05-11T01:28:47]i410: Variable: WixBundleRollbackLog_HookManager64 = D:\a\_temp\jaws-evidence\jaws-install_007_HookManager64_rollback.log
[0DDC:1EB4][2026-05-11T01:28:47]i410: Variable: WixBundleRollbackLog_JAWS64 = D:\a\_temp\jaws-evidence\jaws-install_025_JAWS64_rollback.log
[0DDC:1EB4][2026-05-11T01:28:47]i410: Variable: WixBundleRollbackLog_JAWSLanguage64enu = D:\a\_temp\jaws-evidence\jaws-install_026_JAWSLanguage64enu_rollback.log
[0DDC:1EB4][2026-05-11T01:28:47]i410: Variable: WixBundleRollbackLog_JAWSStart64enu = D:\a\_temp\jaws-evidence\jaws-install_028_JAWSStart64enu_rollback.log
[0DDC:1EB4][2026-05-11T01:28:47]i410: Variable: WixBundleRollbackLog_PostInstall = D:\a\_temp\jaws-evidence\jaws-install_029_PostInstall_rollback.log
[0DDC:1EB4][2026-05-11T01:28:47]i410: Variable: WixBundleRollbackLog_RDP64 = D:\a\_temp\jaws-evidence\jaws-install_022_RDP64_rollback.log
[0DDC:1EB4][2026-05-11T01:28:47]i410: Variable: WixBundleRollbackLog_Telemetry64 = D:\a\_temp\jaws-evidence\jaws-install_023_Telemetry64_rollback.log
[0DDC:1EB4][2026-05-11T01:28:47]i410: Variable: WixBundleRollbackLog_TouchServer64 = D:\a\_temp\jaws-evidence\jaws-install_017_TouchServer64_rollback.log
[0DDC:1EB4][2026-05-11T01:28:47]i410: Variable: WixBundleRollbackLog_UIAHooks64 = D:\a\_temp\jaws-evidence\jaws-install_006_UIAHooks64_rollback.log
[0DDC:1EB4][2026-05-11T01:28:47]i410: Variable: WixBundleRollbackLog_UnifiedKeyboard = D:\a\_temp\jaws-evidence\jaws-install_020_UnifiedKeyboard_rollback.log
[0DDC:1EB4][2026-05-11T01:28:47]i410: Variable: WixBundleRollbackLog_Utilities64 = D:\a\_temp\jaws-evidence\jaws-install_002_Utilities64_rollback.log
[0DDC:1EB4][2026-05-11T01:28:47]i410: Variable: WixBundleRollbackLog_VoiceAssistant64 = D:\a\_temp\jaws-evidence\jaws-install_024_VoiceAssistant64_rollback.log
[0DDC:1EB4][2026-05-11T01:28:47]i410: Variable: WixBundleRollbackLog_Xerces64 = D:\a\_temp\jaws-evidence\jaws-install_027_Xerces64_rollback.log
[0DDC:1EB4][2026-05-11T01:28:47]i410: Variable: WixBundleTag = 
[0DDC:1EB4][2026-05-11T01:28:47]i410: Variable: WixBundleUILevel = 4
[0DDC:1EB4][2026-05-11T01:28:47]i410: Variable: WixBundleVersion = 2026.2603.86.400
[0DDC:1EB4][2026-05-11T01:28:47]i410: Variable: Xerces64_BLOCKCLEANINSTALL = 1
[0DDC:1EB4][2026-05-11T01:28:47]i007: Exit code: 0x0, restarting: No
